Date,Open,High,Low,Close,AdjClose,Volume
2012-02-21,7.64,7.76,7.59,7.75,7.75,159800
2012-02-22,7.73,7.74,7.66,7.7,7.7,97200
2012-02-23,7.74,7.75,7.68,7.74,7.74,145600
2012-02-24,7.74,7.79,7.74,7.78,7.78,112200
2012-02-27,7.78,7.85,7.78,7.84,7.84,133200
2012-02-28,7.85,7.87,7.78,7.84,7.84,98400
2012-02-29,7.82,7.84,7.79,7.8,7.8,62600
2012-03-01,7.83,7.87,7.81,7.84,7.84,110000
2012-03-02,7.85,7.87,7.82,7.84,7.84,64400
2012-03-05,7.85,7.87,7.83,7.86,7.86,41500
2012-03-06,7.81,7.83,7.8,7.81,7.81,81300
2012-03-07,7.8,7.85,7.8,7.83,7.83,73500
2012-03-08,7.83,7.9,7.83,7.89,7.89,80600
2012-03-09,7.9,7.91,7.85,7.88,7.88,101100
2012-03-12,7.86,7.89,7.85,7.89,7.89,135900
2012-03-13,7.86,7.9,7.83,7.84,7.84,98100
2012-03-14,7.86,7.89,7.66,7.7,7.7,168500
2012-03-15,7.64,7.67,7.43,7.49,7.49,396900
2012-03-16,7.49,7.49,7.24,7.25,7.25,479000
2012-03-19,7.25,7.43,7.24,7.43,7.43,157300
2012-03-20,7.41,7.5,7.39,7.5,7.5,181400
2012-03-21,7.5,7.5,7.45,7.5,7.5,132000
2012-03-22,7.5,7.55,7.44,7.48,7.48,117800
2012-03-23,7.49,7.55,7.41,7.53,7.53,159000
2012-03-26,7.48,7.55,7.44,7.5,7.5,99600
2012-03-27,7.48,7.52,7.42,7.51,7.51,128700
2012-03-28,7.54,7.65,7.52,7.65,7.65,108700
2012-03-29,7.61,7.7,7.6,7.7,7.7,105100
2012-03-30,7.67,7.71,7.66,7.7,7.7,65700
2012-04-02,7.73,7.74,7.7,7.71,7.71,102600
2012-04-03,7.74,7.74,7.63,7.67,7.67,114700
2012-04-04,7.67,7.7,7.63,7.66,7.66,78000
2012-04-05,7.66,7.71,7.6,7.62,7.62,84500
2012-04-09,7.65,7.65,7.61,7.65,7.65,85600
2012-04-10,7.63,7.66,7.63,7.66,7.66,53900
2012-04-11,7.68,7.7,7.65,7.66,7.66,71200
2012-04-12,7.61,7.65,7.58,7.6,7.6,137000
2012-04-13,7.53,7.66,7.53,7.63,7.63,109300
2012-04-16,7.66,7.69,7.63,7.69,7.69,63800
2012-04-17,7.66,7.68,7.64,7.66,7.66,52100
2012-04-18,7.71,7.73,7.67,7.7,7.7,72900
2012-04-19,7.75,7.75,7.68,7.72,7.72,90100
2012-04-20,7.65,7.72,7.65,7.7,7.7,73800
2012-04-23,7.71,7.72,7.68,7.69,7.69,73100
2012-04-24,7.69,7.71,7.68,7.69,7.69,77400
2012-04-25,7.71,7.72,7.69,7.69,7.69,91600
2012-04-26,7.7,7.73,7.69,7.69,7.69,70500
2012-04-27,7.7,7.73,7.7,7.71,7.71,46700
2012-04-30,7.71,7.74,7.7,7.74,7.74,52000
2012-05-01,7.75,7.77,7.71,7.77,7.77,111600
2012-05-02,7.73,7.78,7.73,7.75,7.75,95000
2012-05-03,7.73,7.76,7.72,7.76,7.76,67000
2012-05-04,7.73,7.77,7.73,7.77,7.77,113600
2012-05-07,7.73,7.79,7.73,7.78,7.78,144000
2012-05-08,7.74,7.79,7.74,7.78,7.78,149800
2012-05-09,7.77,7.81,7.76,7.81,7.81,235000
2012-05-10,7.82,7.82,7.79,7.79,7.79,106600
2012-05-11,7.76,7.83,7.76,7.81,7.81,98000
2012-05-14,7.81,7.82,7.78,7.78,7.78,103700
2012-05-15,7.8,7.84,7.8,7.82,7.82,108000
2012-05-16,7.82,7.88,7.78,7.87,7.87,125500
2012-05-17,7.83,7.87,7.82,7.82,7.82,84400
2012-05-18,7.85,7.87,7.81,7.84,7.84,63100
2012-05-21,7.85,7.9,7.84,7.9,7.9,112300
2012-05-22,7.82,7.87,7.8,7.87,7.87,110300
2012-05-23,7.87,7.89,7.84,7.89,7.89,131000
2012-05-24,7.86,7.9,7.84,7.88,7.88,82500
2012-05-25,7.88,7.9,7.87,7.88,7.88,67900
2012-05-29,7.89,7.9,7.88,7.89,7.89,112400
2012-05-30,7.88,7.9,7.88,7.9,7.9,78400
2012-05-31,7.87,7.92,7.87,7.92,7.92,96700
2012-06-01,7.92,7.92,7.88,7.92,7.92,80500
2012-06-04,7.94,7.95,7.89,7.95,7.95,54800
2012-06-05,7.91,7.92,7.86,7.92,7.92,130700
2012-06-06,7.89,7.91,7.89,7.91,7.91,73000
2012-06-07,7.96,7.96,7.9,7.92,7.92,53000
2012-06-08,7.92,7.93,7.9,7.92,7.92,90600
2012-06-11,7.92,7.92,7.9,7.91,7.91,76000
2012-06-12,7.92,7.93,7.9,7.92,7.92,82800
2012-06-13,7.93,7.93,7.89,7.9,7.9,146200
2012-06-14,7.9,7.92,7.88,7.9,7.9,113000
2012-06-15,7.91,7.91,7.85,7.87,7.87,98400
2012-06-18,7.87,7.93,7.87,7.91,7.91,105100
2012-06-19,7.91,7.93,7.9,7.91,7.91,140300
2012-06-20,7.9,7.9,7.88,7.9,7.9,98800
2012-06-21,7.9,7.92,7.88,7.92,7.92,147300
2012-06-22,7.92,7.96,7.91,7.96,7.96,116600
2012-06-25,7.95,7.96,7.94,7.95,7.95,86600
2012-06-26,7.95,8,7.93,7.99,7.99,153600
2012-06-27,7.99,8.01,7.93,7.97,7.97,167900
2012-06-28,7.97,8,7.93,8,8,92900
2012-06-29,8,8,7.96,7.97,7.97,128500
2012-07-02,7.97,7.98,7.96,7.98,7.98,123500
2012-07-03,7.98,7.98,7.96,7.98,7.98,111400
2012-07-05,7.98,8,7.96,7.98,7.98,168900
2012-07-06,7.99,8.05,7.98,8.05,8.05,110500
2012-07-09,8.05,8.11,8.04,8.08,8.08,131700
2012-07-10,8.12,8.16,8.04,8.1,8.1,190300
2012-07-11,8.15,8.15,8.06,8.09,8.09,172600
2012-07-12,8.04,8.11,8.04,8.11,8.11,156500
2012-07-13,8.15,8.15,8.08,8.13,8.13,149500
2012-07-16,8.2,8.2,8.15,8.19,8.19,81100
2012-07-17,8.24,8.25,8.17,8.21,8.21,187400
2012-07-18,8.32,8.32,8.23,8.3,8.3,148900
2012-07-19,8.5,8.5,8.29,8.3,8.3,285900
2012-07-20,8.33,8.33,8.26,8.29,8.29,152200
2012-07-23,8.26,8.33,8.26,8.27,8.27,224200
2012-07-24,8.32,8.35,8.27,8.28,8.28,245100
2012-07-25,8.37,8.37,8.27,8.29,8.29,250600
2012-07-26,8.31,8.34,8.25,8.3,8.3,218800
2012-07-27,8.35,8.35,8.27,8.3,8.3,161900
2012-07-30,8.39,8.39,8.26,8.26,8.26,133000
2012-07-31,8.32,8.34,8.26,8.29,8.29,177100
2012-08-01,8.42,8.42,8.29,8.33,8.33,146800
2012-08-02,8.37,8.37,8.26,8.29,8.29,130600
2012-08-03,8.34,8.34,8.31,8.32,8.32,117400
2012-08-06,8.34,8.35,8.31,8.35,8.35,115100
2012-08-07,8.35,8.38,8.32,8.35,8.35,137900
2012-08-08,8.32,8.37,8.32,8.37,8.37,124100
2012-08-09,8.34,8.36,8.29,8.31,8.31,154600
2012-08-10,8.35,8.35,8.31,8.31,8.31,139100
2012-08-13,8.37,8.37,8.21,8.21,8.21,128100
2012-08-14,8.31,8.31,8.21,8.26,8.26,129700
2012-08-15,8.35,8.35,8.27,8.3,8.3,156300
2012-08-16,8.35,8.35,8.23,8.32,8.32,227400
2012-08-17,8.33,8.39,8.31,8.39,8.39,197600
2012-08-20,8.39,8.46,8.38,8.45,8.45,219100
2012-08-21,8.45,8.49,8.33,8.41,8.41,190500
2012-08-22,8.38,8.38,8.25,8.3,8.3,191300
2012-08-23,8.41,8.41,8.28,8.32,8.32,122900
2012-08-24,8.37,8.37,8.24,8.28,8.28,133700
2012-08-27,8.35,8.35,8.25,8.28,8.28,116800
2012-08-28,8.34,8.34,8.24,8.26,8.26,160100
2012-08-29,8.32,8.37,8.3,8.37,8.37,155600
2012-08-30,8.38,8.39,8.32,8.37,8.37,125500
2012-08-31,8.4,8.4,8.34,8.36,8.36,86000
2012-09-04,8.39,8.39,8.36,8.39,8.39,140100
2012-09-05,8.44,8.44,8.35,8.39,8.39,84800
2012-09-06,8.42,8.42,8.34,8.35,8.35,92900
2012-09-07,8.38,8.38,8.32,8.34,8.34,85300
2012-09-10,8.38,8.39,8.34,8.37,8.37,91900
2012-09-11,8.39,8.41,8.36,8.37,8.37,128300
2012-09-12,8.4,8.42,8.36,8.41,8.41,78000
2012-09-13,8.39,8.41,8.37,8.37,8.37,125500
2012-09-14,8.37,8.41,8.32,8.32,8.32,109600
2012-09-17,8.31,8.34,8.31,8.32,8.32,39300
2012-09-18,8.37,8.37,8.31,8.34,8.34,106700
2012-09-19,8.4,8.4,8.33,8.36,8.36,87200
2012-09-20,8.4,8.4,8.33,8.34,8.34,65600
2012-09-21,8.39,8.42,8.35,8.38,8.38,80400
2012-09-24,8.42,8.42,8.35,8.35,8.35,98200
2012-09-25,8.37,8.37,8.3,8.35,8.35,160600
2012-09-26,8.36,8.41,8.36,8.41,8.41,146000
2012-09-27,8.45,8.45,8.39,8.42,8.42,57500
2012-09-28,8.47,8.48,8.42,8.45,8.45,148000
2012-10-01,8.51,8.55,8.43,8.55,8.55,123200
2012-10-02,8.6,8.6,8.51,8.56,8.56,98100
2012-10-03,8.56,8.58,8.51,8.58,8.58,76200
2012-10-04,8.6,8.6,8.5,8.51,8.51,112200
2012-10-05,8.52,8.54,8.51,8.53,8.53,49800
2012-10-08,8.53,8.53,8.46,8.5,8.5,113600
2012-10-09,8.47,8.5,8.42,8.47,8.47,169700
2012-10-10,8.49,8.5,8.43,8.48,8.48,94200
2012-10-11,8.49,8.55,8.48,8.55,8.55,122300
2012-10-12,8.57,8.57,8.5,8.52,8.52,56000
2012-10-15,8.52,8.53,8.48,8.48,8.48,66300
2012-10-16,8.48,8.52,8.46,8.47,8.47,87700
2012-10-17,8.47,8.49,8.45,8.47,8.47,66100
2012-10-18,8.45,8.5,8.45,8.49,8.49,74200
2012-10-19,8.5,8.5,8.45,8.48,8.48,68600
2012-10-22,8.43,8.48,8.43,8.45,8.45,65600
2012-10-23,8.41,8.46,8.41,8.45,8.45,46100
2012-10-24,8.45,8.51,8.45,8.48,8.48,79500
2012-10-25,8.48,8.5,8.46,8.47,8.47,37700
2012-10-26,8.46,8.47,8.42,8.44,8.44,38100
2012-10-31,8.44,8.47,8.36,8.37,8.37,130200
2012-11-01,8.42,8.43,8.38,8.42,8.42,58700
2012-11-02,8.41,8.42,8.32,8.38,8.38,83300
2012-11-05,8.33,8.37,8.23,8.25,8.25,179300
2012-11-06,8.26,8.3,8.26,8.29,8.29,77700
2012-11-07,8.26,8.39,8.26,8.39,8.39,69800
2012-11-08,8.34,8.4,8.34,8.38,8.38,109400
2012-11-09,8.36,8.39,8.31,8.39,8.39,152000
2012-11-12,8.36,8.36,8.29,8.3,8.3,112300
2012-11-13,8.26,8.31,8.25,8.28,8.28,165600
2012-11-14,8.23,8.31,8.1,8.12,8.12,263800
2012-11-15,8.08,8.09,7.67,7.93,7.93,426300
2012-11-16,8.01,8.18,7.94,8.16,8.16,180000
2012-11-19,8.23,8.33,8.22,8.31,8.31,114100
2012-11-20,8.26,8.32,8.24,8.28,8.28,75200
2012-11-21,8.32,8.33,8.27,8.32,8.32,95300
2012-11-23,8.29,8.33,8.28,8.28,8.28,45400
2012-11-26,8.3,8.31,8.24,8.31,8.31,94100
2012-11-27,8.31,8.35,8.28,8.35,8.35,120500
2012-11-28,8.31,8.37,8.28,8.34,8.34,155800
2012-11-29,8.34,8.35,8.28,8.3,8.3,157700
2012-11-30,8.28,8.36,8.28,8.35,8.35,110200
2012-12-03,8.35,8.36,8.29,8.33,8.33,197500
2012-12-04,8.28,8.3,8.21,8.3,8.3,197200
2012-12-05,8.29,8.31,8.25,8.26,8.26,117300
2012-12-06,8.28,8.33,8.27,8.32,8.32,129800
2012-12-07,8.32,8.34,8.14,8.18,8.18,200000
2012-12-10,8.23,8.24,8.14,8.15,8.15,134000
2012-12-11,8.16,8.23,8.16,8.19,8.19,106900
2012-12-12,8.22,8.26,8.19,8.24,8.24,218900
2012-12-13,8.24,8.32,8.17,8.32,8.32,300600
2012-12-14,8.29,8.3,8.2,8.3,8.3,185500
2012-12-17,8.29,8.29,8.12,8.18,8.18,268600
2012-12-18,8.18,8.18,8.09,8.13,8.13,151000
2012-12-19,8.14,8.25,8.14,8.22,8.22,167700
2012-12-20,8.19,8.29,8.15,8.29,8.29,148600
2012-12-21,8.28,8.32,8.22,8.32,8.32,176300
2012-12-24,8.29,8.35,8.26,8.32,8.32,97900
2012-12-26,8.32,8.32,8.19,8.21,8.21,210900
2012-12-27,8.25,8.25,8,8.04,8.04,304900
2012-12-28,8.01,8.05,7.85,7.9,7.9,407200
2012-12-31,7.9,8.06,7.86,8.06,8.06,192100
2013-01-02,8.13,8.25,8.1,8.25,8.25,133500
2013-01-03,8.21,8.31,8.18,8.28,8.28,188700
2013-01-04,8.28,8.37,8.26,8.35,8.35,115100
2013-01-07,8.4,8.4,8.28,8.37,8.37,113200
2013-01-08,8.4,8.47,8.39,8.47,8.47,90100
2013-01-09,8.48,8.53,8.46,8.53,8.53,177400
2013-01-10,8.55,8.56,8.45,8.5,8.5,152200
2013-01-11,8.54,8.54,8.48,8.51,8.51,128200
2013-01-14,8.54,8.61,8.47,8.51,8.51,141900
2013-01-15,8.48,8.53,8.39,8.48,8.48,95700
2013-01-16,8.52,8.53,8.41,8.51,8.51,129200
2013-01-17,8.55,8.56,8.47,8.54,8.54,140700
2013-01-18,8.6,8.62,8.54,8.62,8.62,55500
2013-01-22,8.6,8.61,8.57,8.6,8.6,120600
2013-01-23,8.62,8.62,8.53,8.62,8.62,122800
2013-01-24,8.65,8.65,8.6,8.62,8.62,155500
2013-01-25,8.65,8.65,8.6,8.64,8.64,104100
2013-01-28,8.66,8.66,8.43,8.55,8.55,393900
2013-01-29,8.55,8.6,8.43,8.48,8.48,170200
2013-01-30,8.48,8.53,8.42,8.53,8.53,110300
2013-01-31,8.55,8.57,8.47,8.57,8.57,135700
2013-02-01,8.59,8.6,8.51,8.54,8.54,125500
2013-02-04,8.52,8.52,8.44,8.48,8.48,111300
2013-02-05,8.54,8.55,8.46,8.5,8.5,114200
2013-02-06,8.53,8.53,8.48,8.51,8.51,73700
2013-02-07,8.54,8.58,8.5,8.58,8.58,99000
2013-02-08,8.59,8.59,8.54,8.57,8.57,79400
2013-02-11,8.57,8.6,8.52,8.59,8.59,119400
2013-02-12,8.6,8.63,8.52,8.59,8.59,116000
2013-02-13,8.64,8.64,8.48,8.59,8.59,117000
2013-02-14,8.64,8.64,8.45,8.52,8.52,85700
2013-02-15,8.61,8.61,8.36,8.4,8.4,143200
2013-02-19,8.4,8.43,8.33,8.37,8.37,145600
2013-02-20,8.39,8.39,8.25,8.33,8.33,91200
2013-02-21,8.39,8.42,8.28,8.33,8.33,133000
2013-02-22,8.37,8.37,8.27,8.36,8.36,45500
2013-02-25,8.35,8.38,8.25,8.28,8.28,105100
2013-02-26,8.34,8.36,8.28,8.34,8.34,52900
2013-02-27,8.36,8.38,8.28,8.35,8.35,64200
2013-02-28,8.42,8.46,8.35,8.38,8.38,107300
2013-03-01,8.42,8.46,8.22,8.37,8.37,100200
2013-03-04,8.36,8.36,8.26,8.28,8.28,107300
2013-03-05,8.34,8.34,8.2,8.23,8.23,126800
2013-03-06,8.3,8.31,8.19,8.27,8.27,90300
2013-03-07,8.31,8.34,8.03,8.15,8.15,247500
2013-03-08,8.12,8.17,8.03,8.09,8.09,158000
2013-03-11,8.13,8.13,7.95,8,8,164300
2013-03-12,8,8,7.9,8,8,213500
2013-03-13,8,8,7.89,7.94,7.94,112600
2013-03-14,7.99,7.99,7.74,7.77,7.77,419500
2013-03-15,7.8,7.8,7.66,7.74,7.74,351200
2013-03-18,7.7,7.93,7.65,7.93,7.93,167800
2013-03-19,7.97,7.97,7.85,7.92,7.92,142300
2013-03-20,8,8,7.87,7.93,7.93,156400
2013-03-21,7.9,7.95,7.86,7.94,7.94,177000
2013-03-22,7.94,7.96,7.88,7.95,7.95,55000
2013-03-25,7.97,7.98,7.88,7.92,7.92,76300
2013-03-26,7.97,7.97,7.86,7.92,7.92,76400
2013-03-27,7.96,7.96,7.88,7.93,7.93,83900
2013-03-28,7.96,7.97,7.88,7.88,7.88,86200
2013-04-01,7.95,7.95,7.9,7.94,7.94,72100
2013-04-02,7.95,7.95,7.9,7.93,7.93,88900
2013-04-03,7.91,7.91,7.82,7.88,7.88,127900
2013-04-04,7.88,7.9,7.82,7.86,7.86,99700
2013-04-05,7.94,8,7.92,8,8,107300
2013-04-08,7.96,7.97,7.83,7.89,7.89,140300
2013-04-09,7.86,7.94,7.86,7.94,7.94,73600
2013-04-10,7.87,8.08,7.87,7.95,7.95,110200
2013-04-11,7.94,7.95,7.89,7.93,7.93,56500
2013-04-12,7.95,7.98,7.92,7.98,7.98,80800
2013-04-15,7.98,7.98,7.89,7.93,7.93,61300
2013-04-16,7.88,7.93,7.85,7.86,7.86,127700
2013-04-17,7.91,7.93,7.84,7.86,7.86,83600
2013-04-18,7.92,7.93,7.86,7.89,7.89,118400
2013-04-19,7.86,7.92,7.86,7.9,7.9,101300
2013-04-22,7.9,7.95,7.89,7.91,7.91,120600
2013-04-23,7.96,8.04,7.93,8.04,8.04,155700
2013-04-24,8.05,8.06,7.94,7.99,7.99,94900
2013-04-25,8.03,8.03,7.93,7.93,7.93,81200
2013-04-26,7.97,8.03,7.96,8,8,59200
2013-04-29,7.97,8.02,7.97,8,8,75400
2013-04-30,7.96,8,7.94,7.95,7.95,96400
2013-05-01,8,8,7.9,7.9,7.9,122400
2013-05-02,7.9,7.95,7.89,7.93,7.93,126800
2013-05-03,7.93,7.95,7.9,7.92,7.92,89600
2013-05-06,7.91,7.95,7.89,7.92,7.92,84500
2013-05-07,7.94,7.98,7.91,7.97,7.97,90400
2013-05-08,7.96,8.01,7.95,8,8,115800
2013-05-09,8.02,8.02,7.94,7.94,7.94,81300
2013-05-10,7.93,7.96,7.93,7.94,7.94,64300
2013-05-13,7.91,7.93,7.84,7.84,7.84,105000
2013-05-14,7.83,7.88,7.83,7.87,7.87,93800
2013-05-15,7.85,7.86,7.8,7.85,7.85,196000
2013-05-16,7.86,7.87,7.79,7.8,7.8,77600
2013-05-17,7.8,7.86,7.78,7.86,7.86,98700
2013-05-20,7.88,7.93,7.84,7.9,7.9,140200
2013-05-21,7.93,7.93,7.85,7.89,7.89,101900
2013-05-22,7.8,7.86,7.79,7.82,7.82,127200
2013-05-23,7.82,7.86,7.8,7.82,7.82,96700
2013-05-24,7.8,7.82,7.8,7.8,7.8,67900
2013-05-28,7.8,7.81,7.69,7.69,7.69,160800
2013-05-29,7.71,7.71,7.52,7.56,7.56,335600
2013-05-30,7.53,7.62,7.53,7.58,7.58,185000
2013-05-31,7.57,7.68,7.42,7.46,7.46,251700
2013-06-03,7.48,7.48,7.24,7.27,7.27,378500
2013-06-04,7.22,7.38,7.16,7.37,7.37,391700
2013-06-05,7.31,7.42,7.28,7.32,7.32,437900
2013-06-06,7.32,7.52,7.32,7.52,7.52,267300
2013-06-07,7.45,7.61,7.4,7.58,7.58,216600
2013-06-10,7.54,7.54,7.33,7.34,7.34,134600
2013-06-11,7.25,7.31,7.21,7.26,7.26,196900
2013-06-12,7.25,7.29,7.16,7.22,7.22,302900
2013-06-13,7.2,7.24,7.16,7.2,7.2,274500
2013-06-14,7.19,7.45,7.18,7.43,7.43,379400
2013-06-17,7.4,7.41,7.22,7.28,7.28,239200
2013-06-18,7.23,7.25,7.16,7.2,7.2,186900
2013-06-19,7.16,7.24,7.15,7.19,7.19,166700
2013-06-20,7.11,7.14,7.05,7.08,7.08,223900
2013-06-21,7.05,7.14,7.05,7.09,7.09,219900
2013-06-24,7.02,7.08,6.82,6.95,6.95,478100
2013-06-25,7,7,6.75,6.83,6.83,337700
2013-06-26,6.88,7.13,6.88,7.12,7.12,248600
2013-06-27,7.12,7.21,7.12,7.18,7.18,132300
2013-06-28,7.14,7.18,7.05,7.14,7.14,155800
2013-07-01,7.15,7.28,7.13,7.27,7.27,121200
2013-07-02,7.25,7.28,7.16,7.16,7.16,105500
2013-07-03,7.06,7.12,7,7.09,7.09,129900
2013-07-05,7.03,7.04,6.86,6.92,6.92,257300
2013-07-08,6.97,7.15,6.93,7.14,7.14,232500
2013-07-09,7.07,7.17,7.02,7.05,7.05,221500
2013-07-10,7.1,7.1,6.94,6.97,6.97,76600
2013-07-11,7.01,7.2,7,7.19,7.19,235900
2013-07-12,7.12,7.17,7,7,7,229000
2013-07-15,6.98,7,6.92,6.92,6.92,162800
2013-07-16,6.9,6.93,6.86,6.9,6.9,177000
2013-07-17,6.88,6.98,6.87,6.94,6.94,167500
2013-07-18,6.9,6.99,6.9,6.96,6.96,208400
2013-07-19,6.95,6.96,6.86,6.86,6.86,240100
2013-07-22,6.83,6.85,6.75,6.77,6.77,221900
2013-07-23,6.77,6.86,6.76,6.84,6.84,167200
2013-07-24,6.81,6.82,6.75,6.81,6.81,227100
2013-07-25,6.75,6.79,6.7,6.72,6.72,233800
2013-07-26,6.69,6.78,6.69,6.74,6.74,132100
2013-07-29,6.73,6.74,6.68,6.72,6.72,279400
2013-07-30,6.71,6.76,6.69,6.73,6.73,126600
2013-07-31,6.71,6.75,6.63,6.72,6.72,232700
2013-08-01,6.76,6.76,6.67,6.69,6.69,168500
2013-08-02,6.67,6.72,6.67,6.68,6.68,104500
2013-08-05,6.65,6.7,6.64,6.66,6.66,154600
2013-08-06,6.65,6.67,6.56,6.62,6.62,232300
2013-08-07,6.59,6.66,6.53,6.61,6.61,296800
2013-08-08,6.6,6.65,6.57,6.59,6.59,269000
2013-08-09,6.59,6.64,6.59,6.64,6.64,196100
2013-08-12,6.64,6.71,6.64,6.7,6.7,234900
2013-08-13,6.65,6.68,6.61,6.61,6.61,195000
2013-08-14,6.64,6.7,6.62,6.66,6.66,152000
2013-08-15,6.61,6.63,6.58,6.61,6.61,204000
2013-08-16,6.58,6.59,6.53,6.53,6.53,225900
2013-08-19,6.53,6.62,6.48,6.59,6.59,410300
2013-08-20,6.55,6.72,6.55,6.69,6.69,194200
2013-08-21,6.64,6.73,6.64,6.65,6.65,164300
2013-08-22,6.69,6.81,6.68,6.72,6.72,177300
2013-08-23,6.7,6.76,6.64,6.64,6.64,295500
2013-08-26,6.68,6.68,6.61,6.62,6.62,184600
2013-08-27,6.61,6.65,6.61,6.64,6.64,150300
2013-08-28,6.67,6.68,6.6,6.61,6.61,101700
2013-08-29,6.62,6.71,6.56,6.69,6.69,150300
2013-08-30,6.65,6.68,6.62,6.64,6.64,76700
2013-09-03,6.69,6.7,6.6,6.66,6.66,99600
2013-09-04,6.61,6.69,6.6,6.67,6.67,120100
2013-09-05,6.66,6.67,6.62,6.66,6.66,140300
2013-09-06,6.63,6.65,6.56,6.56,6.56,125000
2013-09-09,6.56,6.68,6.56,6.63,6.63,170800
2013-09-10,6.6,6.66,6.59,6.64,6.64,135000
2013-09-11,6.61,6.62,6.51,6.54,6.54,237900
2013-09-12,6.52,6.57,6.52,6.54,6.54,216300
2013-09-13,6.49,6.5,6.47,6.49,6.49,427100
2013-09-16,6.51,6.61,6.51,6.55,6.55,246000
2013-09-17,6.56,6.67,6.55,6.66,6.66,276800
2013-09-18,6.65,6.94,6.65,6.91,6.91,240700
2013-09-19,6.86,6.96,6.86,6.92,6.92,264000
2013-09-20,6.87,6.87,6.79,6.82,6.82,156700
2013-09-23,6.78,6.9,6.78,6.87,6.87,125100
2013-09-24,6.93,6.96,6.9,6.96,6.96,246100
2013-09-25,6.94,6.96,6.89,6.94,6.94,157800
2013-09-26,6.91,6.94,6.91,6.93,6.93,105600
2013-09-27,6.93,6.95,6.88,6.94,6.94,210400
2013-09-30,6.91,6.92,6.8,6.84,6.84,122900
2013-10-01,6.84,6.84,6.71,6.79,6.79,216500
2013-10-02,6.67,6.75,6.65,6.73,6.73,250800
2013-10-03,6.72,6.73,6.69,6.69,6.69,55300
2013-10-04,6.67,6.73,6.65,6.68,6.68,138400
2013-10-07,6.64,6.68,6.6,6.6,6.6,127900
2013-10-08,6.62,6.64,6.59,6.61,6.61,128000
2013-10-09,6.6,6.65,6.59,6.65,6.65,135600
2013-10-10,6.64,6.65,6.6,6.6,6.6,178600
2013-10-11,6.61,6.63,6.54,6.56,6.56,222500
2013-10-14,6.55,6.62,6.55,6.58,6.58,180200
2013-10-15,6.58,6.59,6.51,6.51,6.51,207900
2013-10-16,6.55,6.7,6.54,6.69,6.69,330500
2013-10-17,6.65,6.83,6.64,6.81,6.81,165500
2013-10-18,6.84,6.89,6.8,6.84,6.84,166400
2013-10-21,6.87,6.89,6.82,6.85,6.85,96400
2013-10-22,6.82,6.83,6.72,6.73,6.73,102400
2013-10-23,6.72,6.86,6.72,6.83,6.83,120800
2013-10-24,6.81,6.85,6.72,6.78,6.78,124100
2013-10-25,6.76,6.82,6.75,6.8,6.8,79400
2013-10-28,6.78,6.8,6.76,6.79,6.79,137700
2013-10-29,6.76,6.79,6.75,6.77,6.77,197800
2013-10-30,6.73,6.76,6.7,6.7,6.7,188100
2013-10-31,6.67,6.72,6.64,6.7,6.7,125200
2013-11-01,6.72,6.73,6.65,6.68,6.68,143800
2013-11-04,6.69,6.69,6.65,6.65,6.65,114000
2013-11-05,6.74,6.8,6.72,6.79,6.79,376200
2013-11-06,6.79,6.85,6.76,6.79,6.79,254600
2013-11-07,6.8,6.82,6.75,6.75,6.75,184900
2013-11-08,6.75,6.75,6.63,6.69,6.69,234600
2013-11-11,6.69,6.69,6.63,6.65,6.65,77100
2013-11-12,6.61,6.63,6.58,6.58,6.58,152600
2013-11-13,6.52,6.63,6.51,6.62,6.62,159200
2013-11-14,6.6,6.66,6.57,6.57,6.57,107400
2013-11-15,6.56,6.68,6.55,6.64,6.64,200400
2013-11-18,6.68,6.69,6.67,6.67,6.67,104600
2013-11-19,6.67,6.7,6.67,6.67,6.67,144900
2013-11-20,6.6,6.64,6.58,6.59,6.59,223200
2013-11-21,6.61,6.62,6.55,6.58,6.58,165600
2013-11-22,6.58,6.59,6.52,6.53,6.53,147700
2013-11-25,6.52,6.53,6.47,6.47,6.47,262100
2013-11-26,6.48,6.57,6.48,6.56,6.56,215300
2013-11-27,6.58,6.66,6.56,6.64,6.64,214200
2013-11-29,6.59,6.61,6.54,6.59,6.59,116300
2013-12-02,6.61,6.62,6.56,6.61,6.61,195800
2013-12-03,6.57,6.65,6.57,6.64,6.64,188200
2013-12-04,6.62,6.67,6.61,6.62,6.62,195500
2013-12-05,6.58,6.63,6.52,6.52,6.52,229200
2013-12-06,6.6,6.62,6.52,6.56,6.56,328000
2013-12-09,6.53,6.55,6.49,6.5,6.5,282600
2013-12-10,6.5,6.57,6.5,6.55,6.55,212200
2013-12-11,6.53,6.63,6.51,6.57,6.57,238000
2013-12-12,6.52,6.57,6.51,6.54,6.54,179900
2013-12-13,6.53,6.56,6.51,6.52,6.52,312100
2013-12-16,6.52,6.59,6.52,6.53,6.53,268300
2013-12-17,6.51,6.7,6.51,6.68,6.68,484800
2013-12-18,6.63,6.68,6.59,6.65,6.65,813600
2013-12-19,6.61,6.68,6.6,6.65,6.65,324900
2013-12-20,6.65,6.7,6.63,6.69,6.69,260300
2013-12-23,6.67,6.75,6.67,6.75,6.75,296800
2013-12-24,6.72,6.73,6.65,6.7,6.7,291300
2013-12-26,6.7,6.72,6.63,6.67,6.67,272600
2013-12-27,6.65,6.67,6.61,6.65,6.65,186000
2013-12-30,6.62,6.65,6.6,6.64,6.64,329500
2013-12-31,6.62,6.65,6.6,6.64,6.64,395800
2014-01-02,6.64,6.64,6.6,6.62,6.62,190600
2014-01-03,6.64,6.7,6.61,6.69,6.69,103600
2014-01-06,6.71,6.76,6.71,6.74,6.74,144200
2014-01-07,6.76,6.8,6.76,6.77,6.77,146700
2014-01-08,6.8,6.8,6.75,6.79,6.79,76400
2014-01-09,6.79,6.81,6.76,6.8,6.8,99000
2014-01-10,6.77,6.82,6.77,6.81,6.81,184500
2014-01-13,6.81,6.82,6.78,6.78,6.78,227500
2014-01-14,6.78,6.83,6.78,6.83,6.83,130700
2014-01-15,6.82,6.93,6.82,6.93,6.93,209100
2014-01-16,6.93,7.07,6.91,7.07,7.07,316100
2014-01-17,7.03,7.07,7,7.01,7.01,286000
2014-01-21,7.02,7.04,6.97,6.97,6.97,274000
2014-01-22,6.97,6.97,6.92,6.93,6.93,100400
2014-01-23,6.92,7.01,6.92,7.01,7.01,207600
2014-01-24,7,7,6.92,6.94,6.94,140900
2014-01-27,6.92,6.96,6.86,6.87,6.87,150700
2014-01-28,6.83,6.96,6.83,6.96,6.96,111800
2014-01-29,6.95,7,6.94,6.98,6.98,118100
2014-01-30,6.99,7.02,6.97,7.02,7.02,133300
2014-01-31,6.97,7.05,6.97,7.05,7.05,139000
2014-02-03,7.05,7.07,7.03,7.05,7.05,145600
2014-02-04,7.03,7.07,6.99,7.02,7.02,140100
2014-02-05,7.03,7.04,6.99,7.03,7.03,133500
2014-02-06,7.02,7.02,6.98,7.02,7.02,179400
2014-02-07,7.01,7.05,6.99,7.04,7.04,104000
2014-02-10,7.04,7.07,7.02,7.06,7.06,88600
2014-02-11,7.03,7.06,7.03,7.05,7.05,80600
2014-02-12,7.06,7.07,7.03,7.05,7.05,53800
2014-02-13,7.04,7.06,7.04,7.06,7.06,82000
2014-02-14,7.06,7.07,7.05,7.05,7.05,82600
2014-02-18,7.05,7.08,7.05,7.05,7.05,118300
2014-02-19,7.05,7.08,7.04,7.06,7.06,205500
2014-02-20,7.03,7.04,6.99,6.99,6.99,187000
2014-02-21,7.01,7.03,7.01,7.02,7.02,105500
2014-02-24,7.02,7.03,6.98,6.99,6.99,141900
2014-02-25,7.01,7.01,6.96,7.01,7.01,148100
2014-02-26,6.99,7.02,6.96,6.97,6.97,142900
2014-02-27,6.96,7.03,6.96,6.97,6.97,187000
2014-02-28,6.98,7.01,6.97,7.01,7.01,177900
2014-03-03,7.03,7.03,6.98,6.99,6.99,165600
2014-03-04,6.99,7.01,6.96,6.99,6.99,187900
2014-03-05,7.02,7.03,6.99,6.99,6.99,175400
2014-03-06,7,7,6.95,6.97,6.97,250500
2014-03-07,6.96,6.98,6.91,6.98,6.98,204600
2014-03-10,6.96,7.07,6.95,7.05,7.05,174800
2014-03-11,7.03,7.07,7.02,7.05,7.05,114600
2014-03-12,7.02,7.07,7.02,7.04,7.04,117200
2014-03-13,7.05,7.07,7.05,7.07,7.07,100700
2014-03-14,7.06,7.08,7,7.01,7.01,111300
2014-03-17,7,7.03,6.99,6.99,6.99,142500
2014-03-18,7,7.02,6.98,7,7,154200
2014-03-19,6.98,7.01,6.96,6.98,6.98,180200
2014-03-20,6.92,6.93,6.88,6.92,6.92,188200
2014-03-21,6.87,6.97,6.87,6.95,6.95,85300
2014-03-24,6.97,7,6.96,6.99,6.99,102500
2014-03-25,7,7.02,6.99,7.01,7.01,121700
2014-03-26,7,7.05,6.99,7.02,7.02,96300
2014-03-27,7.04,7.05,7.02,7.03,7.03,117300
2014-03-28,7.03,7.04,6.98,6.99,6.99,126100
2014-03-31,6.99,7,6.93,6.96,6.96,156700
2014-04-01,6.95,6.96,6.91,6.94,6.94,143100
2014-04-02,6.94,6.96,6.88,6.96,6.96,172400
2014-04-03,6.96,6.97,6.94,6.96,6.96,97200
2014-04-04,6.95,7,6.95,7,7,113200
2014-04-07,6.97,6.99,6.93,6.97,6.97,233600
2014-04-08,6.97,7.03,6.97,7.02,7.02,124500
2014-04-09,7.01,7.04,7,7.01,7.01,146600
2014-04-10,7.01,7.01,6.98,6.98,6.98,108100
2014-04-11,6.98,6.99,6.96,6.98,6.98,133500
2014-04-14,7,7,6.93,6.95,6.95,188300
2014-04-15,6.94,7.03,6.94,7.03,7.03,114600
2014-04-16,7.04,7.08,7.03,7.08,7.08,179000
2014-04-17,7.07,7.08,7.01,7.01,7.01,102900
2014-04-21,7.03,7.11,7.03,7.11,7.11,171000
2014-04-22,7.05,7.12,7.04,7.1,7.1,160600
2014-04-23,7.13,7.15,7.11,7.13,7.13,111000
2014-04-24,7.13,7.14,7.11,7.13,7.13,126300
2014-04-25,7.13,7.15,7.12,7.15,7.15,145300
2014-04-28,7.12,7.15,7.12,7.14,7.14,169800
2014-04-29,7.14,7.14,7.07,7.1,7.1,133000
2014-04-30,7.1,7.14,7.09,7.14,7.14,142200
2014-05-01,7.13,7.18,7.13,7.18,7.18,142300
2014-05-02,7.18,7.18,7.15,7.17,7.17,85900
2014-05-05,7.16,7.19,7.15,7.15,7.15,93100
2014-05-06,7.17,7.19,7.15,7.19,7.19,96300
2014-05-07,7.17,7.21,7.17,7.21,7.21,129000
2014-05-08,7.19,7.22,7.17,7.2,7.2,60300
2014-05-09,7.18,7.21,7.17,7.21,7.21,77200
2014-05-12,7.21,7.22,7.19,7.22,7.22,98300
2014-05-13,7.21,7.24,7.21,7.24,7.24,115500
2014-05-14,7.24,7.26,7.2,7.21,7.21,269000
2014-05-15,7.22,7.25,7.2,7.25,7.25,154200
2014-05-16,7.23,7.3,7.22,7.3,7.3,152500
2014-05-19,7.32,7.32,7.22,7.24,7.24,175000
2014-05-20,7.25,7.26,7.23,7.24,7.24,143700
2014-05-21,7.21,7.22,7.2,7.22,7.22,249600
2014-05-22,7.21,7.22,7.19,7.19,7.19,95500
2014-05-23,7.2,7.22,7.19,7.21,7.21,99900
2014-05-27,7.2,7.22,7.19,7.19,7.19,120400
2014-05-28,7.18,7.22,7.18,7.21,7.21,213000
2014-05-29,7.2,7.22,7.19,7.21,7.21,157200
2014-05-30,7.21,7.22,7.19,7.22,7.22,97900
2014-06-02,7.22,7.22,7.19,7.21,7.21,109500
2014-06-03,7.19,7.2,7.16,7.16,7.16,135900
2014-06-04,7.19,7.19,7.11,7.11,7.11,283700
2014-06-05,7.11,7.18,7.08,7.18,7.18,177500
2014-06-06,7.19,7.22,7.18,7.22,7.22,122800
2014-06-09,7.21,7.22,7.18,7.19,7.19,125800
2014-06-10,7.2,7.21,7.17,7.19,7.19,108200
2014-06-11,7.17,7.22,7.17,7.22,7.22,137700
2014-06-12,7.23,7.25,7.2,7.25,7.25,172500
2014-06-13,7.24,7.25,7.21,7.23,7.23,114500
2014-06-16,7.23,7.25,7.21,7.22,7.22,80800
2014-06-17,7.21,7.22,7.18,7.2,7.2,106300
2014-06-18,7.21,7.25,7.19,7.25,7.25,122800
2014-06-19,7.23,7.25,7.22,7.24,7.24,103800
2014-06-20,7.18,7.19,7.15,7.19,7.19,104300
2014-06-23,7.19,7.22,7.19,7.19,7.19,79800
2014-06-24,7.21,7.24,7.2,7.24,7.24,88100
2014-06-25,7.22,7.24,7.2,7.23,7.23,142500
2014-06-26,7.23,7.25,7.2,7.2,7.2,105300
2014-06-27,7.21,7.22,7.17,7.19,7.19,140400
2014-06-30,7.18,7.21,7.17,7.17,7.17,107700
2014-07-01,7.18,7.21,7.15,7.15,7.15,139100
2014-07-02,7.16,7.16,7.04,7.05,7.05,271700
2014-07-03,7.05,7.05,6.9,6.94,6.94,295700
2014-07-07,6.93,7.01,6.93,6.99,6.99,257600
2014-07-08,7.02,7.05,7.01,7.04,7.04,120000
2014-07-09,7.02,7.04,6.98,7.03,7.03,138800
2014-07-10,7.03,7.05,7.01,7.05,7.05,142900
2014-07-11,7.06,7.09,7.04,7.09,7.09,175400
2014-07-14,7.06,7.1,7.04,7.04,7.04,139500
2014-07-15,7.03,7.05,7.02,7.05,7.05,108100
2014-07-16,7.03,7.05,7.01,7.01,7.01,139700
2014-07-17,7.02,7.07,7.02,7.03,7.03,124800
2014-07-18,7.02,7.08,7.02,7.08,7.08,90200
2014-07-21,7.07,7.13,7.07,7.08,7.08,177200
2014-07-22,7.05,7.07,7.04,7.04,7.04,109500
2014-07-23,7.07,7.09,7.06,7.08,7.08,74900
2014-07-24,7.08,7.08,7.04,7.04,7.04,104100
2014-07-25,7.06,7.08,7.03,7.04,7.04,103700
2014-07-28,7.06,7.06,7,7,7,97400
2014-07-29,7.02,7.04,7,7.01,7.01,127900
2014-07-30,7.02,7.02,6.95,6.95,6.95,140400
2014-07-31,6.96,7.01,6.92,6.94,6.94,243500
2014-08-01,6.94,6.98,6.92,6.93,6.93,148900
2014-08-04,6.92,6.96,6.89,6.89,6.89,166900
2014-08-05,6.89,6.92,6.88,6.91,6.91,134100
2014-08-06,6.9,6.96,6.9,6.93,6.93,165400
2014-08-07,6.93,6.97,6.92,6.95,6.95,105400
2014-08-08,6.95,7.01,6.95,7.01,7.01,71800
2014-08-11,7.01,7.05,7,7.01,7.01,122700
2014-08-12,7.01,7.06,7,7.06,7.06,104800
2014-08-13,7.05,7.08,7.05,7.06,7.06,54100
2014-08-14,7.06,7.08,7.06,7.06,7.06,77500
2014-08-15,7.05,7.07,7.05,7.05,7.05,144400
2014-08-18,7.05,7.09,7.05,7.08,7.08,91500
2014-08-19,7.1,7.12,7.07,7.08,7.08,142400
2014-08-20,7.05,7.07,7.03,7.03,7.03,36600
2014-08-21,7.05,7.07,7.02,7.02,7.02,85100
2014-08-22,7.02,7.04,7.01,7.02,7.02,136000
2014-08-25,7,7.04,6.99,7,7,170000
2014-08-26,7.01,7.06,7.01,7.06,7.06,178100
2014-08-27,7.08,7.09,7.05,7.08,7.08,90600
2014-08-28,7.1,7.11,7.06,7.08,7.08,114300
2014-08-29,7.1,7.12,7.04,7.05,7.05,148800
2014-09-02,7.07,7.07,7.04,7.04,7.04,103300
2014-09-03,7.05,7.07,7.04,7.04,7.04,117600
2014-09-04,7.05,7.05,7.01,7.02,7.02,125900
2014-09-05,7.01,7.04,7,7,7,130900
2014-09-08,7.01,7.07,7.01,7.04,7.04,114400
2014-09-09,7.01,7.05,7.01,7.04,7.04,79900
2014-09-10,7.03,7.07,7.02,7.06,7.06,128100
2014-09-11,7.05,7.07,7.05,7.05,7.05,84700
2014-09-12,7.04,7.05,7.01,7.01,7.01,143100
2014-09-15,7.03,7.05,7.03,7.04,7.04,154400
2014-09-16,7.02,7.05,7.02,7.02,7.02,113300
2014-09-17,7.02,7.09,7.02,7.02,7.02,121500
2014-09-18,7.04,7.05,7,7.04,7.04,185400
2014-09-19,7.04,7.07,7.03,7.07,7.07,110200
2014-09-22,7.03,7.06,7.01,7.01,7.01,147900
2014-09-23,7.01,7.05,7,7,7,103400
2014-09-24,7.01,7.03,7,7,7,87200
2014-09-25,7.01,7.01,6.98,7,7,135900
2014-09-26,7,7.05,7,7.02,7.02,107600
2014-09-29,7.01,7.09,7.01,7.08,7.08,167500
2014-09-30,7.07,7.09,7.05,7.08,7.08,153700
2014-10-01,7.08,7.09,7.05,7.09,7.09,137600
2014-10-02,7.07,7.09,7.06,7.08,7.08,166500
2014-10-03,7.05,7.08,7.04,7.04,7.04,89200
2014-10-06,7.05,7.07,7.04,7.04,7.04,84700
2014-10-07,7.05,7.1,7.05,7.1,7.1,73100
2014-10-08,7.08,7.13,7.08,7.11,7.11,165100
2014-10-09,7.13,7.15,7.09,7.1,7.1,120700
2014-10-10,7.09,7.14,7.09,7.13,7.13,84100
2014-10-13,7.14,7.15,7.09,7.15,7.15,109500
2014-10-14,7.13,7.17,7.13,7.16,7.16,186900
2014-10-15,7.16,7.2,7.13,7.18,7.18,258600
2014-10-16,7.19,7.24,7.18,7.24,7.24,154300
2014-10-17,7.24,7.25,7.19,7.2,7.2,110500
2014-10-20,7.21,7.24,7.2,7.2,7.2,100600
2014-10-21,7.2,7.24,7.18,7.23,7.23,93400
2014-10-22,7.21,7.21,7.16,7.17,7.17,101700
2014-10-23,7.17,7.22,7.15,7.17,7.17,146800
2014-10-24,7.17,7.19,7.12,7.15,7.15,97300
2014-10-27,7.15,7.15,7.11,7.11,7.11,152000
2014-10-28,7.11,7.17,7.11,7.14,7.14,116400
2014-10-29,7.16,7.19,7.13,7.13,7.13,109300
2014-10-30,7.14,7.18,7.13,7.13,7.13,82300
2014-10-31,7.14,7.18,7.13,7.17,7.17,120800
2014-11-03,7.2,7.2,7.14,7.14,7.14,87100
2014-11-04,7.13,7.2,7.13,7.18,7.18,57300
2014-11-05,7.19,7.24,7.19,7.24,7.24,99900
2014-11-06,7.21,7.23,7.19,7.2,7.2,51000
2014-11-07,7.19,7.2,7.14,7.14,7.14,133700
2014-11-10,7.16,7.17,7.14,7.17,7.17,75200
2014-11-11,7.15,7.19,7.14,7.19,7.19,60700
2014-11-12,7.17,7.18,7.16,7.17,7.17,41300
2014-11-13,7.17,7.23,7.17,7.23,7.23,64900
2014-11-14,7.22,7.22,7.19,7.2,7.2,59100
2014-11-17,7.19,7.21,7.13,7.13,7.13,105500
2014-11-18,7.15,7.19,7.13,7.13,7.13,132000
2014-11-19,7.15,7.15,7.1,7.11,7.11,196600
2014-11-20,7.07,7.11,7.07,7.07,7.07,179900
2014-11-21,7.09,7.11,7.05,7.06,7.06,175300
2014-11-24,7.05,7.08,7.03,7.03,7.03,183700
2014-11-25,7.04,7.08,7.04,7.05,7.05,127800
2014-11-26,7.05,7.09,7.05,7.07,7.07,130200
2014-11-28,7.07,7.11,7.06,7.06,7.06,80400
2014-12-01,7.07,7.1,7.07,7.07,7.07,172400
2014-12-02,7.08,7.13,7.08,7.11,7.11,105200
2014-12-03,7.13,7.17,7.12,7.14,7.14,189200
2014-12-04,7.15,7.18,7.14,7.18,7.18,151300
2014-12-05,7.14,7.18,7.08,7.15,7.15,147600
2014-12-08,7.15,7.16,7.11,7.13,7.13,157900
2014-12-09,7.11,7.15,7.11,7.14,7.14,173000
2014-12-10,7.11,7.19,7.11,7.13,7.13,233900
2014-12-11,7.14,7.15,7.1,7.11,7.11,187400
2014-12-12,7.11,7.15,7.1,7.14,7.14,337200
2014-12-15,7.15,7.18,7.15,7.16,7.16,185300
2014-12-16,7.13,7.2,7.13,7.19,7.19,250100
2014-12-17,7.18,7.19,7.16,7.18,7.18,215500
2014-12-18,7.18,7.27,7.18,7.26,7.26,289100
2014-12-19,7.21,7.22,7.15,7.19,7.19,222900
2014-12-22,7.18,7.18,7.13,7.13,7.13,149300
2014-12-23,7.16,7.23,7.16,7.21,7.21,199500
2014-12-24,7.22,7.24,7.2,7.21,7.21,87100
2014-12-26,7.19,7.23,7.19,7.23,7.23,51600
2014-12-29,7.21,7.23,7.19,7.22,7.22,56400
2014-12-30,7.19,7.2,7.16,7.17,7.17,90100
2014-12-31,7.18,7.26,7.18,7.25,7.25,131900
2015-01-02,7.25,7.25,7.2,7.21,7.21,69600
2015-01-05,7.21,7.25,7.18,7.24,7.24,108200
2015-01-06,7.24,7.3,7.24,7.27,7.27,138000
2015-01-07,7.27,7.3,7.27,7.29,7.29,122800
2015-01-08,7.29,7.3,7.25,7.27,7.27,122300
2015-01-09,7.28,7.3,7.26,7.3,7.3,72400
2015-01-12,7.27,7.3,7.26,7.28,7.28,143800
2015-01-13,7.27,7.36,7.27,7.36,7.36,137400
2015-01-14,7.32,7.35,7.31,7.32,7.32,168500
2015-01-15,7.35,7.36,7.32,7.32,7.32,119100
2015-01-16,7.34,7.38,7.32,7.34,7.34,153700
2015-01-20,7.36,7.36,7.31,7.34,7.34,86400
2015-01-21,7.3,7.3,7.28,7.3,7.3,67100
2015-01-22,7.33,7.34,7.32,7.33,7.33,168900
2015-01-23,7.32,7.36,7.32,7.34,7.34,52000
2015-01-26,7.32,7.36,7.3,7.33,7.33,92600
2015-01-27,7.35,7.36,7.33,7.35,7.35,62200
2015-01-28,7.35,7.4,7.35,7.4,7.4,119100
2015-01-29,7.37,7.41,7.35,7.41,7.41,161300
2015-01-30,7.41,7.43,7.39,7.43,7.43,147600
2015-02-02,7.43,7.45,7.42,7.44,7.44,132200
2015-02-03,7.45,7.47,7.43,7.45,7.45,134300
2015-02-04,7.43,7.44,7.38,7.41,7.41,208400
2015-02-05,7.39,7.4,7.36,7.4,7.4,68400
2015-02-06,7.38,7.38,7.32,7.34,7.34,149200
2015-02-09,7.33,7.36,7.31,7.33,7.33,78600
2015-02-10,7.32,7.32,7.29,7.3,7.3,117500
2015-02-11,7.27,7.29,7.26,7.27,7.27,130100
2015-02-12,7.29,7.34,7.28,7.31,7.31,141200
2015-02-13,7.32,7.34,7.28,7.28,7.28,83800
2015-02-17,7.27,7.27,7.18,7.2,7.2,283600
2015-02-18,7.19,7.29,7.19,7.29,7.29,157800
2015-02-19,7.3,7.34,7.29,7.3,7.3,166600
2015-02-20,7.26,7.29,7.22,7.24,7.24,135100
2015-02-23,7.24,7.29,7.21,7.21,7.21,144200
2015-02-24,7.22,7.28,7.22,7.25,7.25,158800
2015-02-25,7.27,7.32,7.26,7.26,7.26,136300
2015-02-26,7.3,7.3,7.27,7.29,7.29,139700
2015-02-27,7.26,7.34,7.26,7.34,7.34,162400
2015-03-02,7.34,7.34,7.29,7.32,7.32,103500
2015-03-03,7.32,7.38,7.3,7.3,7.3,55000
2015-03-04,7.32,7.34,7.3,7.32,7.32,74400
2015-03-05,7.32,7.32,7.29,7.29,7.29,137200
2015-03-06,7.26,7.28,7.21,7.23,7.23,197900
2015-03-09,7.24,7.31,7.24,7.31,7.31,89200
2015-03-10,7.33,7.34,7.3,7.33,7.33,71400
2015-03-11,7.32,7.34,7.28,7.29,7.29,77800
2015-03-12,7.31,7.33,7.3,7.31,7.31,40100
2015-03-13,7.31,7.33,7.3,7.31,7.31,106800
2015-03-16,7.32,7.32,7.3,7.31,7.31,64200
2015-03-17,7.3,7.31,7.29,7.3,7.3,137500
2015-03-18,7.29,7.31,7.27,7.31,7.31,121600
2015-03-19,7.3,7.32,7.25,7.27,7.27,126000
2015-03-20,7.23,7.29,7.23,7.27,7.27,87400
2015-03-23,7.26,7.28,7.24,7.24,7.24,127600
2015-03-24,7.24,7.32,7.24,7.32,7.32,88800
2015-03-25,7.28,7.31,7.27,7.31,7.31,101200
2015-03-26,7.31,7.33,7.27,7.33,7.33,137300
2015-03-27,7.3,7.32,7.29,7.31,7.31,137300
2015-03-30,7.3,7.3,7.26,7.26,7.26,67300
2015-03-31,7.26,7.39,7.26,7.39,7.39,255300
2015-04-01,7.36,7.39,7.36,7.36,7.36,65500
2015-04-02,7.33,7.37,7.3,7.3,7.3,101800
2015-04-06,7.31,7.34,7.31,7.33,7.33,66300
2015-04-07,7.33,7.36,7.31,7.33,7.33,67700
2015-04-08,7.33,7.35,7.33,7.33,7.33,54100
2015-04-09,7.32,7.36,7.31,7.36,7.36,120200
2015-04-10,7.34,7.37,7.33,7.34,7.34,133400
2015-04-13,7.33,7.36,7.29,7.29,7.29,69800
2015-04-14,7.33,7.41,7.33,7.41,7.41,131200
2015-04-15,7.37,7.4,7.33,7.36,7.36,122400
2015-04-16,7.36,7.38,7.33,7.33,7.33,69400
2015-04-17,7.35,7.39,7.35,7.37,7.37,113400
2015-04-20,7.36,7.39,7.36,7.37,7.37,103100
2015-04-21,7.37,7.4,7.37,7.39,7.39,78800
2015-04-22,7.36,7.37,7.32,7.32,7.32,88800
2015-04-23,7.32,7.36,7.32,7.35,7.35,129600
2015-04-24,7.33,7.34,7.31,7.34,7.34,109700
2015-04-27,7.36,7.39,7.3,7.3,7.3,121800
2015-04-28,7.31,7.36,7.31,7.36,7.36,63900
2015-04-29,7.32,7.38,7.31,7.38,7.38,106200
2015-04-30,7.37,7.37,7.33,7.34,7.34,68100
2015-05-01,7.36,7.36,7.31,7.31,7.31,149800
2015-05-04,7.31,7.32,7.3,7.31,7.31,90300
2015-05-05,7.33,7.33,7.29,7.3,7.3,89500
2015-05-06,7.28,7.29,7.21,7.21,7.21,149900
2015-05-07,7.2,7.27,7.19,7.2,7.2,206000
2015-05-08,7.23,7.24,7.19,7.22,7.22,121600
2015-05-11,7.19,7.2,7.13,7.16,7.16,161100
2015-05-12,7.13,7.19,7.12,7.18,7.18,121500
2015-05-13,7.16,7.22,7.16,7.21,7.21,144000
2015-05-14,7.24,7.29,7.22,7.29,7.29,206500
2015-05-15,7.26,7.3,7.25,7.29,7.29,98400
2015-05-18,7.29,7.29,7.19,7.23,7.23,177400
2015-05-19,7.2,7.24,7.17,7.17,7.17,144100
2015-05-20,7.16,7.21,7.16,7.18,7.18,136800
2015-05-21,7.2,7.24,7.19,7.23,7.23,105800
2015-05-22,7.22,7.22,7.15,7.18,7.18,63800
2015-05-26,7.18,7.19,7.14,7.18,7.18,68100
2015-05-27,7.21,7.23,7.19,7.22,7.22,97900
2015-05-28,7.21,7.22,7.18,7.18,7.18,55200
2015-05-29,7.2,7.21,7.19,7.21,7.21,58000
2015-06-01,7.2,7.21,7.18,7.18,7.18,116600
2015-06-02,7.17,7.18,7.13,7.13,7.13,102300
2015-06-03,7.14,7.14,7.06,7.08,7.08,167300
2015-06-04,7.1,7.1,7.01,7.01,7.01,179300
2015-06-05,7.01,7.03,6.95,6.98,6.98,346700
2015-06-08,6.96,6.98,6.93,6.94,6.94,382100
2015-06-09,6.94,6.96,6.86,6.93,6.93,289500
2015-06-10,6.94,6.98,6.91,6.95,6.95,244400
2015-06-11,6.95,7.04,6.95,7.04,7.04,233800
2015-06-12,7.03,7.07,7.02,7.07,7.07,104700
2015-06-15,7.09,7.11,7.06,7.09,7.09,112200
2015-06-16,7.08,7.1,7.05,7.08,7.08,108700
2015-06-17,7.08,7.09,7.04,7.09,7.09,87000
2015-06-18,7.09,7.13,7.08,7.13,7.13,206700
2015-06-19,7.09,7.16,7.09,7.15,7.15,109000
2015-06-22,7.09,7.13,7.09,7.1,7.1,161100
2015-06-23,7.09,7.15,7.09,7.14,7.14,183800
2015-06-24,7.11,7.14,7.06,7.11,7.11,94100
2015-06-25,7.12,7.12,7.08,7.11,7.11,108400
2015-06-26,7.1,7.13,7.08,7.12,7.12,108700
2015-06-29,7.11,7.11,7.03,7.04,7.04,81000
2015-06-30,7.05,7.09,7.01,7.07,7.07,152400
2015-07-01,7.11,7.11,7.02,7.06,7.06,103100
2015-07-02,7.07,7.07,7,7.01,7.01,90500
2015-07-06,7.01,7.03,6.97,6.99,6.99,113100
2015-07-07,7,7.08,7,7.08,7.08,74500
2015-07-08,7.07,7.12,7.04,7.07,7.07,86700
2015-07-09,7.05,7.07,7.02,7.04,7.04,81400
2015-07-10,7.02,7.09,7.01,7.02,7.02,144400
2015-07-13,7.04,7.07,7.02,7.07,7.07,103400
2015-07-14,7.05,7.09,7.04,7.09,7.09,61300
2015-07-15,7.1,7.11,7.07,7.1,7.1,82300
2015-07-16,7.1,7.15,7.08,7.15,7.15,128800
2015-07-17,7.12,7.14,7.08,7.13,7.13,78400
2015-07-20,7.13,7.14,7.08,7.09,7.09,64800
2015-07-21,7.09,7.1,7.07,7.1,7.1,93100
2015-07-22,7.06,7.08,7.03,7.07,7.07,78100
2015-07-23,7.06,7.06,7.01,7.02,7.02,126200
2015-07-24,7.04,7.12,7.04,7.08,7.08,110400
2015-07-27,7.08,7.13,7.05,7.08,7.08,121400
2015-07-28,7.1,7.1,7.03,7.04,7.04,97600
2015-07-29,7.04,7.1,7.04,7.05,7.05,79000
2015-07-30,7.06,7.06,7.03,7.03,7.03,86900
2015-07-31,7.06,7.14,7.06,7.1,7.1,135100
2015-08-03,7.1,7.12,7.08,7.08,7.08,73700
2015-08-04,7.08,7.11,7.08,7.08,7.08,61200
2015-08-05,7.09,7.09,6.98,7.03,7.03,172800
2015-08-06,7.03,7.03,6.98,7.03,7.03,163500
2015-08-07,7.02,7.07,7,7.01,7.01,69200
2015-08-10,7,7.03,6.99,6.99,6.99,49000
2015-08-11,6.99,7.18,6.99,7.17,7.17,214500
2015-08-12,7.17,7.22,7.15,7.21,7.21,85000
2015-08-13,7.2,7.21,7.14,7.21,7.21,82300
2015-08-14,7.21,7.21,7.18,7.18,7.18,46300
2015-08-17,7.18,7.2,7.13,7.16,7.16,50100
2015-08-18,7.13,7.15,7.11,7.15,7.15,53000
2015-08-19,7.17,7.17,7.1,7.13,7.13,83100
2015-08-20,7.09,7.13,7.08,7.09,7.09,82200
2015-08-21,7.1,7.14,7.09,7.12,7.12,88500
2015-08-24,7.01,7.07,7.01,7.06,7.06,115500
2015-08-25,7.04,7.06,7,7.04,7.04,103800
2015-08-26,7.01,7.04,6.99,7,7,127900
2015-08-27,7,7.06,7,7.01,7.01,88800
2015-08-28,7.05,7.07,7,7.01,7.01,105200
2015-08-31,7.04,7.06,7,7.01,7.01,120800
2015-09-01,7.04,7.04,7,7,7,98600
2015-09-02,7.03,7.03,7,7.01,7.01,91800
2015-09-03,7.01,7.06,7.01,7.06,7.06,88500
2015-09-04,7.04,7.15,7.04,7.15,7.15,155900
2015-09-08,7.09,7.21,7.09,7.2,7.2,89900
2015-09-09,7.17,7.21,7.16,7.21,7.21,71900
2015-09-10,7.16,7.18,7.16,7.17,7.17,65200
2015-09-11,7.17,7.2,7.12,7.13,7.13,110600
2015-09-14,7.16,7.16,7.06,7.06,7.06,129900
2015-09-15,7.08,7.08,7.02,7.05,7.05,143000
2015-09-16,7.03,7.05,7.01,7.02,7.02,89800
2015-09-17,7.05,7.13,7.03,7.13,7.13,104300
2015-09-18,7.09,7.21,7.09,7.21,7.21,151100
2015-09-21,7.2,7.21,7.17,7.17,7.17,49400
2015-09-22,7.13,7.18,7.12,7.18,7.18,106600
2015-09-23,7.16,7.2,7.14,7.16,7.16,64400
2015-09-24,7.16,7.18,7.11,7.11,7.11,59000
2015-09-25,7.14,7.16,7.1,7.12,7.12,87400
2015-09-28,7.11,7.16,7.1,7.11,7.11,138000
2015-09-29,7.11,7.19,7.11,7.19,7.19,93400
2015-09-30,7.19,7.19,7.15,7.15,7.15,117100
2015-10-01,7.19,7.2,7.15,7.15,7.15,52300
2015-10-02,7.18,7.23,7.17,7.17,7.17,148300
2015-10-05,7.2,7.24,7.2,7.22,7.22,68900
2015-10-06,7.22,7.24,7.21,7.23,7.23,41700
2015-10-07,7.21,7.25,7.21,7.25,7.25,55400
2015-10-08,7.24,7.25,7.22,7.25,7.25,41000
2015-10-09,7.25,7.25,7.22,7.25,7.25,43800
2015-10-12,7.24,7.26,7.15,7.19,7.19,138900
2015-10-13,7.19,7.24,7.18,7.2,7.2,80000
2015-10-14,7.22,7.23,7.18,7.18,7.18,68500
2015-10-15,7.22,7.24,7.2,7.24,7.24,138400
2015-10-16,7.24,7.24,7.2,7.24,7.24,65500
2015-10-19,7.23,7.24,7.2,7.2,7.2,164000
2015-10-20,7.22,7.25,7.22,7.25,7.25,36400
2015-10-21,7.24,7.26,7.21,7.26,7.26,54400
2015-10-22,7.24,7.3,7.24,7.3,7.3,114400
2015-10-23,7.3,7.3,7.22,7.25,7.25,99800
2015-10-26,7.25,7.27,7.19,7.19,7.19,179500
2015-10-27,7.2,7.23,7.15,7.16,7.16,314000
2015-10-28,7.19,7.21,7.15,7.19,7.19,234400
2015-10-29,7.18,7.25,7.17,7.24,7.24,79200
2015-10-30,7.25,7.3,7.23,7.3,7.3,105200
2015-11-02,7.3,7.33,7.28,7.33,7.33,125700
2015-11-03,7.34,7.35,7.27,7.31,7.31,72600
2015-11-04,7.31,7.32,7.27,7.28,7.28,89900
2015-11-05,7.31,7.32,7.26,7.28,7.28,191000
2015-11-06,7.27,7.27,7.17,7.18,7.18,177900
2015-11-09,7.18,7.18,7.12,7.12,7.12,180100
2015-11-10,7.16,7.21,7.11,7.21,7.21,170100
2015-11-11,7.22,7.24,7.19,7.23,7.23,42800
2015-11-12,7.23,7.27,7.19,7.27,7.27,169500
2015-11-13,7.26,7.3,7.2,7.29,7.29,89700
2015-11-16,7.24,7.26,7.23,7.23,7.23,54600
2015-11-17,7.21,7.28,7.17,7.23,7.23,93500
2015-11-18,7.24,7.24,7.2,7.23,7.23,91200
2015-11-19,7.22,7.26,7.22,7.25,7.25,46200
2015-11-20,7.18,7.24,7.14,7.19,7.19,166000
2015-11-23,7.2,7.3,7.2,7.3,7.3,174200
2015-11-24,7.3,7.3,7.18,7.19,7.19,165500
2015-11-25,7.23,7.25,7.2,7.23,7.23,82800
2015-11-27,7.2,7.29,7.2,7.28,7.28,26900
2015-11-30,7.25,7.28,7.17,7.2,7.2,142000
2015-12-01,7.25,7.26,7.21,7.25,7.25,133900
2015-12-02,7.25,7.27,7.2,7.23,7.23,122100
2015-12-03,7.23,7.23,7.18,7.21,7.21,101600
2015-12-04,7.23,7.24,7.17,7.21,7.21,131500
2015-12-07,7.21,7.21,7.17,7.21,7.21,108100
2015-12-08,7.2,7.3,7.2,7.3,7.3,140800
2015-12-09,7.29,7.31,7.23,7.3,7.3,230900
2015-12-10,7.28,7.28,7.2,7.26,7.26,131400
2015-12-11,7.25,7.27,7.17,7.2,7.2,87300
2015-12-14,7.24,7.24,7.13,7.14,7.14,162900
2015-12-15,7.14,7.21,7.14,7.17,7.17,187600
2015-12-16,7.18,7.23,7.14,7.22,7.22,146200
2015-12-17,7.2,7.33,7.2,7.33,7.33,250800
2015-12-18,7.32,7.34,7.26,7.28,7.28,135100
2015-12-21,7.25,7.35,7.25,7.29,7.29,186600
2015-12-22,7.26,7.31,7.23,7.3,7.3,144400
2015-12-23,7.27,7.32,7.25,7.3,7.3,251100
2015-12-24,7.3,7.31,7.27,7.3,7.3,65100
2015-12-28,7.29,7.35,7.29,7.35,7.35,120600
2015-12-29,7.35,7.37,7.33,7.36,7.36,87900
2015-12-30,7.36,7.4,7.33,7.39,7.39,124100
2015-12-31,7.34,7.4,7.34,7.36,7.36,117000
2016-01-04,7.4,7.41,7.36,7.37,7.37,119400
2016-01-05,7.38,7.49,7.38,7.49,7.49,142000
2016-01-06,7.46,7.52,7.42,7.48,7.48,181500
2016-01-07,7.48,7.49,7.44,7.45,7.45,72600
2016-01-08,7.45,7.47,7.42,7.47,7.47,121400
2016-01-11,7.46,7.52,7.44,7.44,7.44,115500
2016-01-12,7.44,7.48,7.43,7.46,7.46,91500
2016-01-13,7.46,7.47,7.42,7.42,7.42,85000
2016-01-14,7.43,7.43,7.39,7.39,7.39,141700
2016-01-15,7.38,7.44,7.36,7.4,7.4,298000
2016-01-19,7.4,7.46,7.35,7.35,7.35,208000
2016-01-20,7.34,7.35,7.24,7.28,7.28,89000
2016-01-21,7.32,7.38,7.27,7.31,7.31,133300
2016-01-22,7.36,7.42,7.34,7.37,7.37,104900
2016-01-25,7.36,7.41,7.31,7.33,7.33,124500
2016-01-26,7.33,7.37,7.28,7.37,7.37,522500
2016-01-27,7.37,7.4,7.32,7.33,7.33,156200
2016-01-28,7.37,7.4,7.34,7.4,7.4,129300
2016-01-29,7.4,7.43,7.39,7.43,7.43,92800
2016-02-01,7.44,7.45,7.41,7.43,7.43,81000
2016-02-02,7.42,7.46,7.39,7.4,7.4,164400
2016-02-03,7.42,7.53,7.42,7.47,7.47,169700
2016-02-04,7.47,7.48,7.45,7.45,7.45,48000
2016-02-05,7.46,7.49,7.46,7.47,7.47,100800
2016-02-08,7.5,7.5,7.45,7.45,7.45,132700
2016-02-09,7.45,7.5,7.45,7.5,7.5,81000
2016-02-10,7.5,7.51,7.49,7.5,7.5,84300
2016-02-11,7.52,7.53,7.49,7.49,7.49,128200
2016-02-12,7.49,7.5,7.38,7.4,7.4,208900
2016-02-16,7.4,7.45,7.36,7.37,7.37,139700
2016-02-17,7.39,7.41,7.36,7.39,7.39,97900
2016-02-18,7.44,7.49,7.42,7.49,7.49,231400
2016-02-19,7.48,7.49,7.45,7.45,7.45,146500
2016-02-22,7.44,7.44,7.38,7.41,7.41,146700
2016-02-23,7.41,7.46,7.39,7.46,7.46,160200
2016-02-24,7.46,7.46,7.4,7.45,7.45,163500
2016-02-25,7.45,7.49,7.42,7.48,7.48,133100
2016-02-26,7.45,7.46,7.39,7.39,7.39,152300
2016-02-29,7.43,7.45,7.39,7.44,7.44,214500
2016-03-01,7.44,7.51,7.44,7.44,7.44,174900
2016-03-02,7.47,7.5,7.42,7.5,7.5,131100
2016-03-03,7.49,7.54,7.47,7.54,7.54,204500
2016-03-04,7.54,7.55,7.45,7.45,7.45,251100
2016-03-07,7.46,7.52,7.46,7.51,7.51,86200
2016-03-08,7.49,7.53,7.48,7.51,7.51,88900
2016-03-09,7.5,7.54,7.5,7.54,7.54,72900
2016-03-10,7.51,7.55,7.51,7.52,7.52,56500
2016-03-11,7.54,7.61,7.52,7.57,7.57,235200
2016-03-14,7.57,7.58,7.53,7.58,7.58,79200
2016-03-15,7.55,7.57,7.48,7.48,7.48,153100
2016-03-16,7.51,7.54,7.49,7.54,7.54,65100
2016-03-17,7.56,7.58,7.5,7.53,7.53,115200
2016-03-18,7.55,7.56,7.52,7.54,7.54,84500
2016-03-21,7.56,7.57,7.55,7.55,7.55,69400
2016-03-22,7.54,7.62,7.51,7.6,7.6,186500
2016-03-23,7.58,7.61,7.55,7.61,7.61,208700
2016-03-24,7.6,7.61,7.56,7.61,7.61,106600
2016-03-28,7.6,7.6,7.54,7.56,7.56,92200
2016-03-29,7.58,7.58,7.54,7.56,7.56,101900
2016-03-30,7.58,7.59,7.55,7.56,7.56,132300
2016-03-31,7.59,7.65,7.59,7.65,7.65,242300
2016-04-01,7.66,7.67,7.61,7.64,7.64,124900
2016-04-04,7.65,7.65,7.63,7.63,7.63,68500
2016-04-05,7.63,7.72,7.63,7.72,7.72,97500
2016-04-06,7.7,7.73,7.7,7.73,7.73,177600
2016-04-07,7.74,7.75,7.71,7.74,7.74,146300
2016-04-08,7.74,7.75,7.69,7.72,7.72,92100
2016-04-11,7.71,7.72,7.67,7.68,7.68,128800
2016-04-12,7.68,7.72,7.68,7.71,7.71,95800
2016-04-13,7.72,7.74,7.7,7.71,7.71,80600
2016-04-14,7.7,7.75,7.7,7.72,7.72,173300
2016-04-15,7.74,7.76,7.73,7.76,7.76,72500
2016-04-18,7.77,7.77,7.72,7.75,7.75,155400
2016-04-19,7.74,7.76,7.74,7.75,7.75,116700
2016-04-20,7.74,7.75,7.71,7.73,7.73,156200
2016-04-21,7.73,7.75,7.68,7.69,7.69,162300
2016-04-22,7.72,7.74,7.7,7.71,7.71,68800
2016-04-25,7.72,7.73,7.68,7.71,7.71,91400
2016-04-26,7.7,7.74,7.69,7.74,7.74,129000
2016-04-27,7.74,7.78,7.72,7.75,7.75,169400
2016-04-28,7.76,7.78,7.75,7.78,7.78,115400
2016-04-29,7.75,7.78,7.73,7.77,7.77,122300
2016-05-02,7.77,7.78,7.73,7.73,7.73,115800
2016-05-03,7.75,7.79,7.74,7.77,7.77,89300
2016-05-04,7.77,7.79,7.77,7.78,7.78,112400
2016-05-05,7.78,7.83,7.78,7.83,7.83,58900
2016-05-06,7.81,7.83,7.81,7.83,7.83,94500
2016-05-09,7.83,7.89,7.83,7.89,7.89,90900
2016-05-10,7.89,7.9,7.86,7.86,7.86,159400
2016-05-11,7.88,7.93,7.87,7.93,7.93,169600
2016-05-12,7.92,7.96,7.88,7.88,7.88,171700
2016-05-13,7.93,7.98,7.91,7.93,7.93,167700
2016-05-16,7.91,7.97,7.91,7.91,7.91,104200
2016-05-17,7.94,7.97,7.89,7.93,7.93,140000
2016-05-18,7.93,7.96,7.86,7.86,7.86,274600
2016-05-19,7.86,7.88,7.68,7.68,7.68,381800
2016-05-20,7.72,7.76,7.67,7.71,7.71,166500
2016-05-23,7.74,7.8,7.72,7.72,7.72,132600
2016-05-24,7.78,7.8,7.75,7.8,7.8,66800
2016-05-25,7.82,7.82,7.77,7.8,7.8,150800
2016-05-26,7.81,7.88,7.8,7.88,7.88,120700
2016-05-27,7.89,7.89,7.79,7.79,7.79,184700
2016-05-31,7.81,7.81,7.71,7.73,7.73,163100
2016-06-01,7.78,7.85,7.75,7.79,7.79,173800
2016-06-02,7.84,7.94,7.81,7.94,7.94,273600
2016-06-03,7.97,8.02,7.9,7.95,7.95,152500
2016-06-06,7.95,8,7.95,7.97,7.97,83000
2016-06-07,7.98,8,7.94,7.96,7.96,79500
2016-06-08,7.93,7.99,7.92,7.99,7.99,70000
2016-06-09,7.97,8,7.91,7.91,7.91,139700
2016-06-10,7.95,8,7.94,7.98,7.98,100600
2016-06-13,7.98,8.02,7.98,8,8,106700
2016-06-14,7.99,8.04,7.97,7.97,7.97,96800
2016-06-15,8.01,8.02,7.94,7.96,7.96,91800
2016-06-16,7.99,8.05,7.96,7.97,7.97,88400
2016-06-17,8,8.02,7.96,7.98,7.98,75500
2016-06-20,7.99,8.01,7.94,7.95,7.95,95500
2016-06-21,7.94,8.06,7.94,8.06,8.06,112800
2016-06-22,8.02,8.04,7.98,8.02,8.02,134700
2016-06-23,8.04,8.05,7.99,7.99,7.99,143900
2016-06-24,8.05,8.11,7.98,8.04,8.04,175800
2016-06-27,8.08,8.09,8,8.05,8.05,187800
2016-06-28,8.07,8.08,8.02,8.02,8.02,120100
2016-06-29,8.02,8.06,8.02,8.02,8.02,172100
2016-06-30,8.05,8.08,8.01,8.04,8.04,105500
2016-07-01,8.08,8.1,8.06,8.09,8.09,106300
2016-07-05,8.11,8.11,8.07,8.07,8.07,100900
2016-07-06,8.1,8.11,8.04,8.05,8.05,167800
2016-07-07,8.07,8.12,8.07,8.08,8.08,224600
2016-07-08,8.12,8.15,8.08,8.08,8.08,103400
2016-07-11,8.12,8.14,8.06,8.09,8.09,114100
2016-07-12,8.08,8.11,7.97,7.98,7.98,173000
2016-07-13,7.96,8,7.8,7.8,7.8,887100
2016-07-14,7.8,7.81,7.6,7.6,7.6,689500
2016-07-15,7.64,7.8,7.64,7.8,7.8,214200
2016-07-18,7.84,7.93,7.84,7.91,7.91,175800
2016-07-19,7.92,7.95,7.75,7.95,7.95,190500
2016-07-20,7.92,7.95,7.9,7.94,7.94,96400
2016-07-21,7.93,7.96,7.92,7.96,7.96,104800
2016-07-22,7.93,8,7.92,7.95,7.95,158800
2016-07-25,7.94,7.98,7.88,7.89,7.89,89900
2016-07-26,7.93,7.98,7.92,7.98,7.98,150900
2016-07-27,8,8,7.98,8,8,66200
2016-07-28,8,8,7.95,7.98,7.98,76300
2016-07-29,7.99,8.02,7.99,8,8,97700
2016-08-01,8.01,8.01,7.92,7.94,7.94,138200
2016-08-02,7.93,7.94,7.87,7.89,7.89,157000
2016-08-03,7.89,7.99,7.89,7.99,7.99,146100
2016-08-04,8,8.01,7.96,7.99,7.99,88800
2016-08-05,8,8.01,7.95,7.95,7.95,104900
2016-08-08,7.97,7.99,7.94,7.97,7.97,78300
2016-08-09,7.98,7.98,7.96,7.96,7.96,112900
2016-08-10,7.98,7.99,7.91,7.96,7.96,131500
2016-08-11,7.94,7.98,7.94,7.97,7.97,106900
2016-08-12,7.98,7.98,7.96,7.98,7.98,106600
2016-08-15,8.02,8.02,7.92,7.94,7.94,171500
2016-08-16,7.97,7.98,7.94,7.96,7.96,110500
2016-08-17,7.98,8,7.96,8,8,209700
2016-08-18,8.02,8.05,8.01,8.03,8.03,126600
2016-08-19,8.04,8.06,8.02,8.02,8.02,86700
2016-08-22,8.04,8.05,8,8.05,8.05,96500
2016-08-23,8.06,8.07,8.03,8.05,8.05,76600
2016-08-24,8.05,8.05,8,8,8,99300
2016-08-25,8.02,8.03,7.96,7.96,7.96,106000
2016-08-26,7.98,7.99,7.92,7.98,7.98,153600
2016-08-29,7.97,8.01,7.96,7.99,7.99,101800
2016-08-30,7.99,7.99,7.88,7.92,7.92,169600
2016-08-31,7.95,7.98,7.92,7.97,7.97,157400
2016-09-01,7.97,8,7.95,7.98,7.98,107600
2016-09-02,7.99,7.99,7.97,7.97,7.97,90400
2016-09-06,7.95,8.06,7.95,8.04,8.04,180500
2016-09-07,8.02,8.04,7.96,7.96,7.96,149800
2016-09-08,7.98,8.03,7.98,8.03,8.03,108600
2016-09-09,8,8,7.83,7.85,7.85,268600
2016-09-12,7.85,7.88,7.79,7.81,7.81,218900
2016-09-13,7.82,7.87,7.77,7.84,7.84,157300
2016-09-14,7.84,7.96,7.81,7.96,7.96,195900
2016-09-15,7.95,7.95,7.88,7.9,7.9,190800
2016-09-16,7.92,7.92,7.86,7.9,7.9,64400
2016-09-19,7.85,7.92,7.85,7.92,7.92,145100
2016-09-20,7.89,7.92,7.89,7.89,7.89,53300
2016-09-21,7.85,7.9,7.83,7.9,7.9,77800
2016-09-22,7.91,8,7.89,7.99,7.99,126100
2016-09-23,7.98,8,7.95,7.98,7.98,59300
2016-09-26,7.97,8.02,7.97,8.01,8.01,61600
2016-09-27,8.01,8.05,7.99,8.02,8.02,59900
2016-09-28,8.04,8.08,8.02,8.07,8.07,90900
2016-09-29,8.01,8.02,7.94,7.94,7.94,107300
2016-09-30,7.96,7.99,7.93,7.97,7.97,63300
2016-10-03,7.95,7.98,7.91,7.94,7.94,60800
2016-10-04,7.94,7.96,7.83,7.84,7.84,115300
2016-10-05,7.89,7.92,7.81,7.82,7.82,89500
2016-10-06,7.82,7.92,7.81,7.92,7.92,182600
2016-10-07,7.88,7.9,7.86,7.86,7.86,57400
2016-10-10,7.87,7.92,7.86,7.92,7.92,39600
2016-10-11,7.91,7.91,7.86,7.87,7.87,44400
2016-10-12,7.88,7.88,7.82,7.83,7.83,124300
2016-10-13,7.83,7.85,7.75,7.76,7.76,161700
2016-10-14,7.75,7.77,7.58,7.58,7.58,309000
2016-10-17,7.56,7.62,7.5,7.51,7.51,189500
2016-10-18,7.54,7.65,7.48,7.59,7.59,201200
2016-10-19,7.66,7.8,7.64,7.77,7.77,219500
2016-10-20,7.78,7.78,7.63,7.66,7.66,113600
2016-10-21,7.7,7.73,7.67,7.72,7.72,113000
2016-10-24,7.75,7.75,7.67,7.67,7.67,83400
2016-10-25,7.67,7.71,7.64,7.67,7.67,90100
2016-10-26,7.67,7.69,7.59,7.6,7.6,147600
2016-10-27,7.57,7.59,7.5,7.5,7.5,139700
2016-10-28,7.49,7.54,7.47,7.47,7.47,107900
2016-10-31,7.5,7.5,7.45,7.48,7.48,84900
2016-11-01,7.48,7.48,7.44,7.47,7.47,175400
2016-11-02,7.48,7.55,7.48,7.55,7.55,93300
2016-11-03,7.56,7.57,7.51,7.56,7.56,57900
2016-11-04,7.58,7.58,7.53,7.53,7.53,37300
2016-11-07,7.57,7.59,7.52,7.52,7.52,86200
2016-11-08,7.53,7.58,7.51,7.51,7.51,58900
2016-11-09,7.48,7.53,7.43,7.43,7.43,119900
2016-11-10,7.4,7.42,7.18,7.2,7.2,465200
2016-11-11,7.15,7.26,7.12,7.15,7.15,152600
2016-11-14,7.1,7.12,6.97,7.01,7.01,468100
2016-11-15,6.98,7.17,6.98,7.14,7.14,343700
2016-11-16,7.18,7.26,7.1,7.11,7.11,116900
2016-11-17,7.1,7.13,7,7.03,7.03,305400
2016-11-18,7.1,7.14,7.03,7.09,7.09,194600
2016-11-21,7.04,7.09,7.03,7.05,7.05,102600
2016-11-22,7.1,7.1,7.06,7.1,7.1,132100
2016-11-23,7.06,7.07,7.04,7.04,7.04,82200
2016-11-25,7.03,7.05,7,7,7,75600
2016-11-28,7.03,7.1,7.03,7.08,7.08,120500
2016-11-29,7.09,7.1,7.04,7.04,7.04,105300
2016-11-30,7.02,7.16,7,7.14,7.14,381400
2016-12-01,7.11,7.13,7.03,7.03,7.03,131400
2016-12-02,7.02,7.03,7,7.01,7.01,197200
2016-12-05,7,7.06,6.97,6.99,6.99,221500
2016-12-06,6.97,7.07,6.97,7.07,7.07,214200
2016-12-07,7.1,7.17,7.09,7.14,7.14,266800
2016-12-08,7.1,7.25,7.08,7.1,7.1,300600
2016-12-09,7.05,7.1,7.03,7.09,7.09,172200
2016-12-12,7.05,7.07,7.03,7.03,7.03,144200
2016-12-13,7.1,7.19,7.06,7.19,7.19,238300
2016-12-14,7.17,7.23,7.16,7.22,7.22,197800
2016-12-15,7.18,7.19,7.11,7.16,7.16,198900
2016-12-16,7.21,7.21,7.13,7.16,7.16,168300
2016-12-19,7.15,7.19,7.15,7.19,7.19,63800
2016-12-20,7.17,7.19,7.12,7.19,7.19,119300
2016-12-21,7.14,7.15,7.1,7.1,7.1,165100
2016-12-22,7.14,7.14,7.06,7.06,7.06,151900
2016-12-23,7.08,7.1,7.04,7.07,7.07,171900
2016-12-27,7.08,7.09,7,7.01,7.01,283100
2016-12-28,7.01,7.05,7,7.05,7.05,133400
2016-12-29,7.05,7.11,7.05,7.06,7.06,219600
2016-12-30,7.06,7.09,7.04,7.07,7.07,254900
2017-01-03,7.08,7.23,7.07,7.21,7.21,221400
2017-01-04,7.22,7.25,7.21,7.25,7.25,84400
2017-01-05,7.25,7.26,7.22,7.24,7.24,82400
2017-01-06,7.24,7.24,7.17,7.18,7.18,74500
2017-01-09,7.23,7.41,7.1,7.23,7.23,272200
2017-01-10,7.23,7.27,7.23,7.26,7.26,69200
2017-01-11,7.27,7.3,7.24,7.28,7.28,99400
2017-01-12,7.31,7.37,7.29,7.36,7.36,171400
2017-01-13,7.32,7.38,7.32,7.38,7.38,88500
2017-01-17,7.38,7.4,7.3,7.31,7.31,166400
2017-01-18,7.31,7.34,7.3,7.34,7.34,54100
2017-01-19,7.34,7.34,7.29,7.32,7.32,123700
2017-01-20,7.29,7.3,7.24,7.27,7.27,90600
2017-01-23,7.28,7.32,7.28,7.3,7.3,84600
2017-01-24,7.26,7.3,7.26,7.28,7.28,78900
2017-01-25,7.27,7.3,7.25,7.29,7.29,93200
2017-01-26,7.27,7.32,7.26,7.31,7.31,103000
2017-01-27,7.28,7.33,7.26,7.33,7.33,144800
2017-01-30,7.34,7.34,7.3,7.33,7.33,79100
2017-01-31,7.35,7.35,7.3,7.34,7.34,60500
2017-02-01,7.33,7.37,7.29,7.36,7.36,96000
2017-02-02,7.37,7.37,7.31,7.32,7.32,96300
2017-02-03,7.34,7.36,7.33,7.36,7.36,54200
2017-02-06,7.35,7.38,7.33,7.33,7.33,107500
2017-02-07,7.36,7.41,7.34,7.41,7.41,100900
2017-02-08,7.4,7.4,7.36,7.39,7.39,98500
2017-02-09,7.35,7.37,7.33,7.34,7.34,144300
2017-02-10,7.34,7.35,7.31,7.31,7.31,100700
2017-02-13,7.34,7.34,7.28,7.28,7.28,156500
2017-02-14,7.32,7.33,7.27,7.28,7.28,225400
2017-02-15,7.26,7.4,7.26,7.37,7.37,428200
2017-02-16,7.35,7.41,7.35,7.4,7.4,221300
2017-02-17,7.39,7.45,7.39,7.41,7.41,295400
2017-02-21,7.38,7.41,7.37,7.39,7.39,151700
2017-02-22,7.39,7.44,7.39,7.44,7.44,168600
2017-02-23,7.44,7.46,7.41,7.43,7.43,135700
2017-02-24,7.45,7.48,7.37,7.41,7.41,218800
2017-02-27,7.43,7.43,7.36,7.36,7.36,73500
2017-02-28,7.39,7.4,7.34,7.36,7.36,81200
2017-03-01,7.34,7.36,7.31,7.34,7.34,144000
2017-03-02,7.32,7.34,7.31,7.31,7.31,77300
2017-03-03,7.32,7.34,7.29,7.3,7.3,110100
2017-03-06,7.28,7.3,7.28,7.3,7.3,94800
2017-03-07,7.3,7.31,7.27,7.31,7.31,111600
2017-03-08,7.28,7.29,7.26,7.29,7.29,112200
2017-03-09,7.26,7.27,7.18,7.18,7.18,223000
2017-03-10,7.21,7.23,7.16,7.16,7.16,194500
2017-03-13,7.19,7.2,7.17,7.2,7.2,90900
2017-03-14,7.18,7.2,7.17,7.18,7.18,82700
2017-03-15,7.17,7.26,7.16,7.26,7.26,109200
2017-03-16,7.25,7.28,7.21,7.27,7.27,94100
2017-03-17,7.28,7.3,7.26,7.26,7.26,72000
2017-03-20,7.25,7.27,7.24,7.26,7.26,148500
2017-03-21,7.27,7.27,7.25,7.25,7.25,90300
2017-03-22,7.22,7.24,7.12,7.14,7.14,400000
2017-03-23,7.15,7.19,7.14,7.19,7.19,319100
2017-03-24,7.17,7.22,7.17,7.22,7.22,196100
2017-03-27,7.24,7.27,7.23,7.27,7.27,97300
2017-03-28,7.27,7.27,7.23,7.24,7.24,94800
2017-03-29,7.27,7.27,7.24,7.27,7.27,101800
2017-03-30,7.29,7.29,7.24,7.28,7.28,129500
2017-03-31,7.27,7.27,7.25,7.26,7.26,78700
2017-04-03,7.28,7.3,7.24,7.29,7.29,119100
2017-04-04,7.31,7.31,7.28,7.31,7.31,149300
2017-04-05,7.31,7.33,7.27,7.28,7.28,136900
2017-04-06,7.3,7.34,7.3,7.33,7.33,98900
2017-04-07,7.35,7.36,7.32,7.36,7.36,53300
2017-04-10,7.36,7.38,7.34,7.37,7.37,78900
2017-04-11,7.38,7.4,7.35,7.39,7.39,116500
2017-04-12,7.4,7.4,7.35,7.38,7.38,158500
2017-04-13,7.38,7.4,7.36,7.37,7.37,136300
2017-04-17,7.38,7.4,7.35,7.4,7.4,91700
2017-04-18,7.41,7.45,7.4,7.43,7.43,74200
2017-04-19,7.43,7.47,7.42,7.47,7.47,109900
2017-04-20,7.44,7.45,7.42,7.42,7.42,113100
2017-04-21,7.42,7.44,7.41,7.42,7.42,116600
2017-04-24,7.42,7.43,7.37,7.39,7.39,119600
2017-04-25,7.37,7.39,7.34,7.34,7.34,116100
2017-04-26,7.34,7.39,7.34,7.38,7.38,102700
2017-04-27,7.38,7.4,7.34,7.34,7.34,131300
2017-04-28,7.39,7.39,7.34,7.39,7.39,132900
2017-05-01,7.38,7.41,7.37,7.38,7.38,113900
2017-05-02,7.39,7.43,7.37,7.43,7.43,104200
2017-05-03,7.41,7.47,7.4,7.47,7.47,120900
2017-05-04,7.44,7.44,7.41,7.41,7.41,58800
2017-05-05,7.42,7.44,7.42,7.44,7.44,65900
2017-05-08,7.42,7.42,7.38,7.41,7.41,113900
2017-05-09,7.4,7.41,7.36,7.41,7.41,106900
2017-05-10,7.41,7.41,7.36,7.38,7.38,47700
2017-05-11,7.36,7.41,7.36,7.41,7.41,78400
2017-05-12,7.42,7.44,7.41,7.42,7.42,88600
2017-05-15,7.42,7.45,7.42,7.45,7.45,123900
2017-05-16,7.42,7.47,7.42,7.47,7.47,89100
2017-05-17,7.47,7.5,7.46,7.5,7.5,72500
2017-05-18,7.47,7.49,7.44,7.48,7.48,61600
2017-05-19,7.43,7.49,7.43,7.44,7.44,87800
2017-05-22,7.42,7.47,7.42,7.45,7.45,91700
2017-05-23,7.46,7.48,7.45,7.48,7.48,88900
2017-05-24,7.48,7.5,7.45,7.45,7.45,40300
2017-05-25,7.45,7.46,7.41,7.42,7.42,93000
2017-05-26,7.44,7.5,7.42,7.49,7.49,163900
2017-05-30,7.48,7.52,7.47,7.48,7.48,72100
2017-05-31,7.48,7.53,7.48,7.53,7.53,69400
2017-06-01,7.53,7.55,7.45,7.45,7.45,177600
2017-06-02,7.47,7.51,7.44,7.48,7.48,232700
2017-06-05,7.47,7.49,7.45,7.45,7.45,74000
2017-06-06,7.45,7.48,7.45,7.46,7.46,91500
2017-06-07,7.47,7.5,7.47,7.49,7.49,59500
2017-06-08,7.48,7.5,7.47,7.48,7.48,90200
2017-06-09,7.48,7.49,7.45,7.46,7.46,83600
2017-06-12,7.44,7.46,7.44,7.44,7.44,89800
2017-06-13,7.46,7.47,7.44,7.44,7.44,109400
2017-06-14,7.46,7.49,7.45,7.49,7.49,123200
2017-06-15,7.48,7.52,7.45,7.51,7.51,105600
2017-06-16,7.52,7.56,7.51,7.55,7.55,84500
2017-06-19,7.55,7.56,7.51,7.53,7.53,114800
2017-06-20,7.53,7.6,7.51,7.6,7.6,109800
2017-06-21,7.58,7.59,7.54,7.59,7.59,63800
2017-06-22,7.58,7.6,7.57,7.6,7.6,49400
2017-06-23,7.59,7.59,7.56,7.57,7.57,24400
2017-06-26,7.57,7.61,7.54,7.54,7.54,97100
2017-06-27,7.57,7.57,7.51,7.54,7.54,137600
2017-06-28,7.54,7.55,7.51,7.51,7.51,97200
2017-06-29,7.5,7.51,7.46,7.5,7.5,248800
2017-06-30,7.51,7.52,7.46,7.51,7.51,179900
2017-07-03,7.52,7.55,7.5,7.52,7.52,73500
2017-07-05,7.53,7.54,7.51,7.52,7.52,70800
2017-07-06,7.5,7.52,7.48,7.48,7.48,97800
2017-07-07,7.49,7.52,7.46,7.48,7.48,185200
2017-07-10,7.49,7.53,7.49,7.51,7.51,96600
2017-07-11,7.52,7.52,7.49,7.5,7.5,87300
2017-07-12,7.52,7.57,7.52,7.54,7.54,115400
2017-07-13,7.53,7.59,7.53,7.57,7.57,157200
2017-07-14,7.59,7.61,7.57,7.57,7.57,139600
2017-07-17,7.59,7.6,7.52,7.56,7.56,90900
2017-07-18,7.55,7.6,7.55,7.58,7.58,55700
2017-07-19,7.59,7.61,7.54,7.6,7.6,125300
2017-07-20,7.56,7.59,7.54,7.57,7.57,97600
2017-07-21,7.57,7.59,7.55,7.59,7.59,84400
2017-07-24,7.59,7.59,7.56,7.56,7.56,119800
2017-07-25,7.57,7.57,7.52,7.52,7.52,220200
2017-07-26,7.52,7.57,7.52,7.57,7.57,142800
2017-07-27,7.57,7.57,7.54,7.56,7.56,109200
2017-07-28,7.56,7.6,7.55,7.59,7.59,70800
2017-07-31,7.62,7.62,7.56,7.62,7.62,154000
2017-08-01,7.62,7.64,7.57,7.64,7.64,165600
2017-08-02,7.63,7.66,7.61,7.64,7.64,98000
2017-08-03,7.63,7.65,7.61,7.61,7.61,57800
2017-08-04,7.61,7.63,7.55,7.58,7.58,178900
2017-08-07,7.58,7.61,7.56,7.56,7.56,44400
2017-08-08,7.57,7.6,7.56,7.58,7.58,84200
2017-08-09,7.59,7.6,7.53,7.58,7.58,134000
2017-08-10,7.57,7.57,7.52,7.54,7.54,116200
2017-08-11,7.46,7.58,7.46,7.58,7.58,267800
2017-08-14,7.6,7.6,7.56,7.57,7.57,53900
2017-08-15,7.57,7.57,7.53,7.55,7.55,108200
2017-08-16,7.55,7.59,7.53,7.59,7.59,110300
2017-08-17,7.58,7.61,7.56,7.6,7.6,72200
2017-08-18,7.59,7.59,7.56,7.59,7.59,79100
2017-08-21,7.6,7.63,7.59,7.63,7.63,80100
2017-08-22,7.6,7.61,7.56,7.57,7.57,110900
2017-08-23,7.57,7.6,7.57,7.6,7.6,64300
2017-08-24,7.6,7.6,7.57,7.57,7.57,94500
2017-08-25,7.57,7.58,7.54,7.56,7.56,121100
2017-08-28,7.55,7.6,7.54,7.59,7.59,108600
2017-08-29,7.58,7.62,7.58,7.59,7.59,109500
2017-08-30,7.58,7.63,7.58,7.63,7.63,124500
2017-08-31,7.6,7.63,7.59,7.6,7.6,108000
2017-09-01,7.59,7.61,7.58,7.59,7.59,171300
2017-09-05,7.61,7.62,7.58,7.61,7.61,127500
2017-09-06,7.61,7.64,7.6,7.64,7.64,91500
2017-09-07,7.64,7.65,7.63,7.65,7.65,88200
2017-09-08,7.65,7.65,7.62,7.65,7.65,141400
2017-09-11,7.62,7.65,7.62,7.65,7.65,99700
2017-09-12,7.65,7.66,7.63,7.65,7.65,86500
2017-09-13,7.66,7.69,7.64,7.69,7.69,204800
2017-09-14,7.69,7.7,7.66,7.7,7.7,100700
2017-09-15,7.7,7.72,7.69,7.72,7.72,73300
2017-09-18,7.72,7.72,7.65,7.66,7.66,74000
2017-09-19,7.66,7.68,7.65,7.65,7.65,83600
2017-09-20,7.65,7.67,7.57,7.57,7.57,133500
2017-09-21,7.56,7.57,7.5,7.54,7.54,124000
2017-09-22,7.55,7.56,7.52,7.52,7.52,82500
2017-09-25,7.56,7.57,7.54,7.57,7.57,73200
2017-09-26,7.58,7.62,7.58,7.6,7.6,215400
2017-09-27,7.58,7.58,7.48,7.54,7.54,181500
2017-09-28,7.54,7.57,7.5,7.57,7.57,92900
2017-09-29,7.58,7.6,7.56,7.56,7.56,69600
2017-10-02,7.59,7.61,7.56,7.61,7.61,121700
2017-10-03,7.59,7.6,7.55,7.55,7.55,91300
2017-10-04,7.58,7.59,7.55,7.59,7.59,53200
2017-10-05,7.58,7.59,7.57,7.57,7.57,86200
2017-10-06,7.55,7.6,7.54,7.6,7.6,140600
2017-10-09,7.6,7.6,7.56,7.56,7.56,86300
2017-10-10,7.59,7.6,7.55,7.59,7.59,54000
2017-10-11,7.59,7.59,7.56,7.59,7.59,46700
2017-10-12,7.59,7.59,7.55,7.57,7.57,134400
2017-10-13,7.58,7.6,7.57,7.6,7.6,52800
2017-10-16,7.58,7.6,7.57,7.57,7.57,21800
2017-10-17,7.58,7.58,7.53,7.53,7.53,66800
2017-10-18,7.53,7.56,7.5,7.56,7.56,67300
2017-10-19,7.56,7.58,7.54,7.58,7.58,53500
2017-10-20,7.55,7.55,7.51,7.53,7.53,64200
2017-10-23,7.51,7.52,7.49,7.52,7.52,111000
2017-10-24,7.52,7.53,7.27,7.45,7.45,107300
2017-10-25,7.43,7.43,7.39,7.39,7.39,135500
2017-10-26,7.4,7.42,7.33,7.33,7.33,102100
2017-10-27,7.33,7.36,7.32,7.35,7.35,131300
2017-10-30,7.38,7.43,7.37,7.39,7.39,121700
2017-10-31,7.39,7.43,7.39,7.43,7.43,45000
2017-11-01,7.44,7.46,7.41,7.45,7.45,80300
2017-11-02,7.45,7.47,7.41,7.47,7.47,81000
2017-11-03,7.43,7.46,7.41,7.45,7.45,54400
2017-11-06,7.44,7.45,7.41,7.45,7.45,85300
2017-11-07,7.44,7.49,7.44,7.49,7.49,73700
2017-11-08,7.47,7.53,7.47,7.53,7.53,89300
2017-11-09,7.52,7.53,7.47,7.53,7.53,60300
2017-11-10,7.47,7.51,7.47,7.49,7.49,89600
2017-11-13,7.5,7.52,7.49,7.49,7.49,24900
2017-11-14,7.48,7.54,7.48,7.54,7.54,101100
2017-11-15,7.53,7.6,7.53,7.6,7.6,233700
2017-11-16,7.58,7.59,7.55,7.55,7.55,60600
2017-11-17,7.56,7.57,7.53,7.55,7.55,53800
2017-11-20,7.53,7.55,7.5,7.54,7.54,70200
2017-11-21,7.54,7.58,7.52,7.56,7.56,69700
2017-11-22,7.52,7.56,7.51,7.56,7.56,55200
2017-11-24,7.55,7.56,7.52,7.55,7.55,30300
2017-11-27,7.56,7.56,7.47,7.51,7.51,115200
2017-11-28,7.51,7.52,7.46,7.48,7.48,107000
2017-11-29,7.45,7.47,7.4,7.41,7.41,179200
2017-11-30,7.4,7.42,7.39,7.39,7.39,141100
2017-12-01,7.43,7.43,7.38,7.38,7.38,158900
2017-12-04,7.36,7.41,7.36,7.37,7.37,154300
2017-12-05,7.38,7.45,7.37,7.45,7.45,86400
2017-12-06,7.44,7.5,7.44,7.5,7.5,112000
2017-12-07,7.5,7.56,7.48,7.51,7.51,120100
2017-12-08,7.5,7.54,7.48,7.53,7.53,124700
2017-12-11,7.53,7.53,7.49,7.49,7.49,54500
2017-12-12,7.49,7.49,7.44,7.44,7.44,83500
2017-12-13,7.42,7.45,7.42,7.43,7.43,190300
2017-12-14,7.43,7.48,7.4,7.45,7.45,124100
2017-12-15,7.44,7.46,7.4,7.4,7.4,128700
2017-12-18,7.4,7.43,7.38,7.39,7.39,112000
2017-12-19,7.4,7.44,7.35,7.39,7.39,213300
2017-12-20,7.38,7.46,7.36,7.46,7.46,258700
2017-12-21,7.42,7.44,7.39,7.43,7.43,136900
2017-12-22,7.42,7.42,7.34,7.34,7.34,212600
2017-12-26,7.34,7.38,7.33,7.36,7.36,192300
2017-12-27,7.34,7.4,7.34,7.37,7.37,138000
2017-12-28,7.37,7.4,7.35,7.38,7.38,179300
2017-12-29,7.37,7.41,7.35,7.41,7.41,202600
2018-01-02,7.39,7.41,7.37,7.4,7.4,92600
2018-01-03,7.42,7.44,7.39,7.39,7.39,147000
2018-01-04,7.4,7.43,7.39,7.39,7.39,129100
2018-01-05,7.38,7.43,7.37,7.43,7.43,111200
2018-01-08,7.43,7.45,7.41,7.41,7.41,94700
2018-01-09,7.4,7.42,7.38,7.39,7.39,93000
2018-01-10,7.37,7.4,7.35,7.36,7.36,141700
2018-01-11,7.36,7.41,7.36,7.36,7.36,70200
2018-01-12,7.36,7.39,7.35,7.35,7.35,119200
2018-01-16,7.35,7.37,7.32,7.37,7.37,93300
2018-01-17,7.36,7.38,7.33,7.35,7.35,227600
2018-01-18,7.34,7.35,7.31,7.33,7.33,127300
2018-01-19,7.32,7.34,7.29,7.31,7.31,119000
2018-01-22,7.3,7.34,7.3,7.33,7.33,127900
2018-01-23,7.33,7.34,7.3,7.32,7.32,97900
2018-01-24,7.33,7.33,7.27,7.3,7.3,282000
2018-01-25,7.28,7.29,7.25,7.26,7.26,130800
2018-01-26,7.26,7.28,7.26,7.27,7.27,187400
2018-01-29,7.23,7.24,7.11,7.13,7.13,180000
2018-01-30,7.1,7.1,6.93,7.07,7.07,448900
2018-01-31,7.05,7.08,7.04,7.07,7.07,237200
2018-02-01,7.04,7.09,7.04,7.06,7.06,94800
2018-02-02,7.01,7.04,6.98,7,7,145300
2018-02-05,6.99,7,6.92,6.96,6.96,216400
2018-02-06,6.89,7.04,6.89,7.03,7.03,129800
2018-02-07,7.04,7.1,7.02,7.09,7.09,126600
2018-02-08,7.09,7.09,7.02,7.08,7.08,142700
2018-02-09,7.05,7.07,7.02,7.07,7.07,120900
2018-02-12,7.07,7.08,6.99,7.06,7.06,325700
2018-02-13,7.03,7.1,7.03,7.09,7.09,147700
2018-02-14,7.05,7.14,7.04,7.14,7.14,176400
2018-02-15,7.13,7.17,7.11,7.13,7.13,177500
2018-02-16,7.13,7.17,7.13,7.15,7.15,106800
2018-02-20,7.14,7.19,7.14,7.17,7.17,93300
2018-02-21,7.17,7.2,7.15,7.15,7.15,208100
2018-02-22,7.14,7.14,7.09,7.1,7.1,140800
2018-02-23,7.12,7.16,7.1,7.16,7.16,134300
2018-02-26,7.16,7.2,7.15,7.18,7.18,130600
2018-02-27,7.19,7.2,7.12,7.16,7.16,129200
2018-02-28,7.16,7.19,7.14,7.14,7.14,119400
2018-03-01,7.14,7.15,7.04,7.06,7.06,151500
2018-03-02,7.06,7.07,7.04,7.06,7.06,62700
2018-03-05,7.06,7.07,7.03,7.07,7.07,78700
2018-03-06,7.07,7.08,7.04,7.08,7.08,58300
2018-03-07,7.08,7.08,6.98,7.06,7.06,103000
2018-03-08,7.05,7.08,7.05,7.07,7.07,49200
2018-03-09,7.05,7.09,7.02,7.05,7.05,99500
2018-03-12,7.06,7.07,7.03,7.04,7.04,87500
2018-03-13,7.03,7.06,7.03,7.04,7.04,131300
2018-03-14,7.04,7.06,7.03,7.04,7.04,94900
2018-03-15,7.03,7.06,7.01,7.04,7.04,119200
2018-03-16,7.02,7.06,7.01,7.04,7.04,114300
2018-03-19,7.03,7.04,7,7.02,7.02,130500
2018-03-20,7.02,7.03,6.99,7.01,7.01,100800
2018-03-21,7,7.05,6.99,7.05,7.05,98200
2018-03-22,7.02,7.05,7.01,7.03,7.03,128800
2018-03-23,7.02,7.03,6.96,6.96,6.96,138700
2018-03-26,6.96,7.01,6.94,7,7,99600
2018-03-27,7.01,7.07,6.99,7.06,7.06,55200
2018-03-28,7.05,7.09,7.03,7.07,7.07,99100
2018-03-29,7.08,7.18,7.07,7.14,7.14,135500
2018-04-02,7.15,7.17,7.05,7.06,7.06,117100
2018-04-03,7.08,7.08,7.01,7.03,7.03,106900
2018-04-04,7.02,7.07,7.01,7.06,7.06,75900
2018-04-05,7.06,7.1,7.05,7.06,7.06,76600
2018-04-06,7.12,7.15,7.06,7.08,7.08,177200
2018-04-09,7.07,7.08,7.04,7.08,7.08,59100
2018-04-10,7.1,7.11,7.08,7.09,7.09,80200
2018-04-11,7.09,7.11,7.08,7.1,7.1,111400
2018-04-12,7.1,7.11,7.1,7.11,7.11,50300
2018-04-13,7.12,7.12,7.08,7.08,7.08,81100
2018-04-16,7.09,7.09,7.05,7.06,7.06,73800
2018-04-17,7.06,7.1,7.04,7.1,7.1,237300
2018-04-18,7.08,7.09,7.04,7.04,7.04,182300
2018-04-19,7.04,7.06,7.03,7.04,7.04,120400
2018-04-20,7.04,7.09,7.04,7.08,7.08,124200
2018-04-23,7.04,7.04,7,7,7,94200
2018-04-24,7,7.02,7,7,7,76600
2018-04-25,7,7.02,6.98,7,7,114000
2018-04-26,7.01,7.04,7,7.04,7.04,79800
2018-04-27,7.04,7.08,7.02,7.02,7.02,88500
2018-04-30,7.04,7.09,7.04,7.09,7.09,88400
2018-05-01,7.08,7.1,7.05,7.08,7.08,98300
2018-05-02,7.07,7.09,7.04,7.05,7.05,78600
2018-05-03,7.06,7.09,7.05,7.06,7.06,105600
2018-05-04,7.06,7.07,7.04,7.05,7.05,75800
2018-05-07,7.05,7.06,7.01,7.02,7.02,64500
2018-05-08,7.01,7.06,7.01,7.06,7.06,94200
2018-05-09,7.03,7.04,7,7.01,7.01,108700
2018-05-10,7.02,7.06,7.02,7.02,7.02,106100
2018-05-11,7.02,7.08,7.02,7.02,7.02,109700
2018-05-14,7.04,7.06,7.03,7.03,7.03,87500
2018-05-15,7.04,7.04,7.02,7.02,7.02,69600
2018-05-16,7.03,7.05,7.01,7.02,7.02,79000
2018-05-17,7.01,7.03,7,7,7,123100
2018-05-18,7,7.05,7,7.05,7.05,124800
2018-05-21,7.04,7.11,7.03,7.11,7.11,111000
2018-05-22,7.09,7.13,7.08,7.13,7.13,118400
2018-05-23,7.1,7.11,7.06,7.07,7.07,99300
2018-05-24,7.07,7.09,7.07,7.07,7.07,83100
2018-05-25,7.05,7.07,7.05,7.05,7.05,77800
2018-05-29,7.08,7.09,7.05,7.05,7.05,95500
2018-05-30,7.05,7.09,7.05,7.08,7.08,94300
2018-05-31,7.09,7.11,7.08,7.11,7.11,81200
2018-06-01,7.11,7.13,7.07,7.09,7.09,80500
2018-06-04,7.09,7.09,7.03,7.03,7.03,146100
2018-06-05,7.04,7.05,7.03,7.03,7.03,157900
2018-06-06,7.02,7.04,7.01,7.04,7.04,126200
2018-06-07,7.04,7.04,7.01,7.03,7.03,137900
2018-06-08,7.01,7.03,7,7,7,102200
2018-06-11,7.01,7.03,7,7.01,7.01,92100
2018-06-12,7.01,7.04,7,7.03,7.03,126800
2018-06-13,7.01,7.04,7,7,7,97800
2018-06-14,7,7.04,7,7.01,7.01,125400
2018-06-15,7.01,7.03,7,7.03,7.03,142200
2018-06-18,7.03,7.08,7.03,7.08,7.08,71400
2018-06-19,7.09,7.14,7.07,7.14,7.14,165700
2018-06-20,7.11,7.12,7.06,7.07,7.07,252800
2018-06-21,7.06,7.06,7.05,7.06,7.06,80200
2018-06-22,7.05,7.09,7.05,7.07,7.07,104500
2018-06-25,7.09,7.09,7.05,7.05,7.05,56100
2018-06-26,7.05,7.09,7.05,7.07,7.07,102800
2018-06-27,7.06,7.14,7.06,7.14,7.14,142400
2018-06-28,7.13,7.14,7.08,7.09,7.09,186000
2018-06-29,7.08,7.16,7.08,7.08,7.08,147800
2018-07-02,7.13,7.13,7.06,7.07,7.07,95800
2018-07-03,7.1,7.1,7.04,7.04,7.04,60400
2018-07-05,7.03,7.04,7,7,7,266000
2018-07-06,7,7.01,7,7,7,150300
2018-07-09,7.01,7.02,6.99,7,7,169500
2018-07-10,7.01,7.03,6.99,7.01,7.01,115800
2018-07-11,7,7.04,7,7.03,7.03,138300
2018-07-12,7.04,7.1,7.02,7.1,7.1,114500
2018-07-13,7.09,7.11,7.06,7.1,7.1,165500
2018-07-16,7.1,7.17,7.1,7.15,7.15,141500
2018-07-17,7.15,7.2,7.15,7.15,7.15,113300
2018-07-18,7.14,7.19,7.14,7.16,7.16,83800
2018-07-19,7.17,7.2,7.17,7.2,7.2,66400
2018-07-20,7.2,7.21,7.18,7.19,7.19,71100
2018-07-23,7.18,7.21,7.15,7.18,7.18,108200
2018-07-24,7.18,7.19,7.13,7.13,7.13,108600
2018-07-25,7.13,7.16,7.07,7.07,7.07,112200
2018-07-26,7.07,7.11,7.07,7.07,7.07,96000
2018-07-27,7.09,7.11,7.05,7.05,7.05,124200
2018-07-30,7.04,7.08,7.04,7.04,7.04,93900
2018-07-31,7.04,7.11,7.04,7.05,7.05,134700
2018-08-01,7.08,7.09,7.06,7.09,7.09,117300
2018-08-02,7.1,7.11,7.08,7.11,7.11,105900
2018-08-03,7.11,7.21,7.11,7.14,7.14,174200
2018-08-06,7.14,7.18,7.14,7.18,7.18,123600
2018-08-07,7.17,7.18,7.1,7.1,7.1,126600
2018-08-08,7.11,7.11,7.08,7.08,7.08,54200
2018-08-09,7.1,7.13,7.08,7.11,7.11,91600
2018-08-10,7.11,7.17,7.11,7.17,7.17,112700
2018-08-13,7.17,7.21,7.16,7.21,7.21,68200
2018-08-14,7.2,7.23,7.2,7.21,7.21,92800
2018-08-15,7.21,7.23,7.21,7.23,7.23,66200
2018-08-16,7.23,7.23,7.17,7.18,7.18,56900
2018-08-17,7.16,7.23,7.15,7.21,7.21,66100
2018-08-20,7.21,7.27,7.21,7.22,7.22,72100
2018-08-21,7.21,7.23,7.21,7.22,7.22,72800
2018-08-22,7.22,7.23,7.2,7.21,7.21,42700
2018-08-23,7.17,7.2,7.15,7.15,7.15,68500
2018-08-24,7.16,7.2,7.16,7.18,7.18,67300
2018-08-27,7.2,7.2,7.16,7.19,7.19,51300
2018-08-28,7.18,7.18,7.15,7.15,7.15,54600
2018-08-29,7.16,7.17,7.11,7.12,7.12,78600
2018-08-30,7.12,7.17,7.12,7.17,7.17,70900
2018-08-31,7.17,7.19,7.15,7.15,7.15,72900
2018-09-04,7.15,7.19,7.1,7.1,7.1,35900
2018-09-05,7.11,7.13,7.09,7.1,7.1,53300
2018-09-06,7.09,7.12,7.06,7.06,7.06,154800
2018-09-07,7.06,7.11,7.04,7.07,7.07,119600
2018-09-10,7.06,7.1,7.04,7.07,7.07,122200
2018-09-11,7.06,7.07,7.04,7.05,7.05,57300
2018-09-12,7.05,7.07,7.04,7.04,7.04,62000
2018-09-13,7.04,7.07,7.02,7.02,7.02,108800
2018-09-14,7.02,7.05,7,7,7,96800
2018-09-17,7,7.01,6.98,6.98,6.98,114900
2018-09-18,6.98,6.99,6.95,6.96,6.96,113000
2018-09-19,6.97,6.99,6.95,6.99,6.99,93800
2018-09-20,6.98,7.02,6.98,7.02,7.02,107000
2018-09-21,7,7.03,6.98,7.03,7.03,86200
2018-09-24,7.02,7.03,6.95,6.97,6.97,91000
2018-09-25,6.97,7.01,6.97,7.01,7.01,80000
2018-09-26,7,7,6.93,6.95,6.95,128700
2018-09-27,6.94,7,6.92,6.92,6.92,135500
2018-09-28,6.94,6.96,6.92,6.92,6.92,66700
2018-10-01,6.95,6.96,6.92,6.93,6.93,61600
2018-10-02,6.92,6.95,6.9,6.9,6.9,75200
2018-10-03,6.9,6.93,6.84,6.84,6.84,138200
2018-10-04,6.83,6.84,6.74,6.76,6.76,160000
2018-10-05,6.73,6.75,6.67,6.67,6.67,146400
2018-10-08,6.65,6.69,6.6,6.64,6.64,137400
2018-10-09,6.68,6.72,6.66,6.7,6.7,167100
2018-10-10,6.7,6.7,6.65,6.69,6.69,102200
2018-10-11,6.65,6.68,6.61,6.68,6.68,194300
2018-10-12,6.7,6.74,6.66,6.74,6.74,188100
2018-10-15,6.71,6.82,6.71,6.77,6.77,87100
2018-10-16,6.79,6.81,6.72,6.76,6.76,68400
2018-10-17,6.76,6.82,6.76,6.81,6.81,65300
2018-10-18,6.78,6.79,6.73,6.74,6.74,66200
2018-10-19,6.74,6.76,6.68,6.71,6.71,115500
2018-10-22,6.71,6.75,6.69,6.72,6.72,75100
2018-10-23,6.71,6.79,6.71,6.74,6.74,73300
2018-10-24,6.75,6.77,6.71,6.72,6.72,103500
2018-10-25,6.71,6.71,6.64,6.64,6.64,222300
2018-10-26,6.64,6.68,6.63,6.63,6.63,73200
2018-10-29,6.64,6.72,6.62,6.68,6.68,86300
2018-10-30,6.68,6.72,6.62,6.69,6.69,79800
2018-10-31,6.67,6.74,6.62,6.71,6.71,116500
2018-11-01,6.72,6.72,6.63,6.63,6.63,185500
2018-11-02,6.64,6.67,6.57,6.57,6.57,112400
2018-11-05,6.57,6.61,6.56,6.6,6.6,155200
2018-11-06,6.6,6.62,6.59,6.61,6.61,87400
2018-11-07,6.61,6.68,6.54,6.64,6.64,145800
2018-11-08,6.66,6.71,6.64,6.69,6.69,91600
2018-11-09,6.68,6.8,6.67,6.78,6.78,108900
2018-11-12,6.78,6.81,6.74,6.75,6.75,123600
2018-11-13,6.77,6.85,6.75,6.85,6.85,83900
2018-11-14,6.84,6.87,6.83,6.86,6.86,77600
2018-11-15,6.88,6.89,6.78,6.79,6.79,218100
2018-11-16,6.79,6.84,6.78,6.81,6.81,76400
2018-11-19,6.84,6.84,6.8,6.8,6.8,74600
2018-11-20,6.79,6.79,6.72,6.76,6.76,137300
2018-11-21,6.76,6.81,6.74,6.79,6.79,158500
2018-11-23,6.78,6.86,6.77,6.77,6.77,85700
2018-11-26,6.75,6.89,6.74,6.89,6.89,158800
2018-11-27,6.9,7,6.83,6.94,6.94,177800
2018-11-28,6.94,7.02,6.91,6.96,6.96,96800
2018-11-29,6.95,7.03,6.93,6.97,6.97,103700
2018-11-30,6.97,6.99,6.95,6.97,6.97,126700
2018-12-03,6.95,6.99,6.93,6.97,6.97,111000
2018-12-04,7.01,7.03,6.97,6.99,6.99,234600
2018-12-06,6.97,7,6.97,6.97,6.97,140700
2018-12-07,6.94,7,6.94,6.99,6.99,124400
2018-12-10,6.97,7.04,6.97,7.03,7.03,106300
2018-12-11,7,7.12,6.97,7.08,7.08,292200
2018-12-12,7.07,7.09,7,7,7,116300
2018-12-13,7,7.08,6.99,7,7,168400
2018-12-14,7,7.08,6.97,7,7,167500
2018-12-17,7,7.06,6.9,6.93,6.93,217900
2018-12-18,6.94,7,6.84,6.84,6.84,218200
2018-12-19,6.85,6.9,6.85,6.89,6.89,97200
2018-12-20,6.88,6.93,6.83,6.83,6.83,236400
2018-12-21,6.84,6.87,6.8,6.81,6.81,222000
2018-12-24,6.84,6.85,6.8,6.82,6.82,96200
2018-12-26,6.81,6.83,6.76,6.76,6.76,150300
2018-12-27,6.76,6.83,6.76,6.76,6.76,255700
2018-12-28,6.76,6.77,6.72,6.73,6.73,306000
2018-12-31,6.73,6.79,6.69,6.72,6.72,426000
2019-01-02,6.71,6.95,6.71,6.95,6.95,185500
2019-01-03,6.93,6.99,6.85,6.95,6.95,276000
2019-01-04,6.95,6.95,6.8,6.88,6.88,135900
2019-01-07,6.91,6.97,6.9,6.96,6.96,95500
2019-01-08,7.03,7.06,7,7.01,7.01,131600
2019-01-09,7.05,7.05,6.99,7.02,7.02,66900
2019-01-10,7.03,7.15,7.02,7.07,7.07,157600
2019-01-11,7.14,7.17,7.12,7.13,7.13,102100
2019-01-14,7.14,7.18,7.1,7.13,7.13,62500
2019-01-15,7.13,7.21,7.11,7.11,7.11,86500
2019-01-16,7.1,7.17,7.05,7.05,7.05,184700
2019-01-17,7.08,7.08,7.04,7.07,7.07,135500
2019-01-18,7.07,7.07,6.98,7.01,7.01,293400
2019-01-22,7.01,7.19,7.01,7.1,7.1,169600
2019-01-23,7.07,7.18,7.02,7.09,7.09,269900
2019-01-24,7.09,7.12,7.03,7.05,7.05,290500
2019-01-25,7.06,7.12,7.06,7.1,7.1,153300
2019-01-28,7.11,7.11,7.06,7.09,7.09,79700
2019-01-29,7.08,7.16,7.08,7.1,7.1,97100
2019-01-30,7.09,7.13,7.08,7.12,7.12,86300
2019-01-31,7.12,7.17,7.09,7.1,7.1,104000
2019-02-01,7.12,7.17,7.12,7.13,7.13,62200
2019-02-04,7.12,7.18,7.11,7.15,7.15,146100
2019-02-05,7.17,7.18,7.12,7.14,7.14,82800
2019-02-06,7.16,7.18,7.13,7.13,7.13,77600
2019-02-07,7.14,7.17,7.12,7.13,7.13,33600
2019-02-08,7.13,7.26,7.13,7.19,7.19,77100
2019-02-11,7.19,7.25,7.15,7.16,7.16,67900
2019-02-12,7.16,7.19,7.16,7.17,7.17,30800
2019-02-13,7.17,7.31,7.12,7.28,7.28,203600
2019-02-14,7.27,7.29,7.23,7.27,7.27,45700
2019-02-15,7.25,7.28,7.25,7.26,7.26,75900
